restaurant,dish,price
9f5GXEeTvBWnrZ-AHEjgJQ,Don Katsu,15
9f5GXEeTvBWnrZ-AHEjgJQ,classic chicken sandwich,9.99
CUIPL9NOTvrMTmO2tYeiBw,Braised Dried Tofu W. Ham,14.99
CUIPL9NOTvrMTmO2tYeiBw,Don Katsu,15
2OcVR4GRcmVsC118dn2QWA,half baby rib,21.99
2OcVR4GRcmVsC118dn2QWA,10 traditional wings,12.99
wGjD-JlJmqPuG5oTvxMKGg,Sake Don,20
wGjD-JlJmqPuG5oTvxMKGg,8os Rib eye,25.99
yTJ2Ir6CMBzThLK5dmACvQ,miso soup ramen,9.99
yTJ2Ir6CMBzThLK5dmACvQ,classic chicken sandwich,9.99
uuF9V5QmG6QWa-h_oXRYiQ,8os Rib eye,25.99
uuF9V5QmG6QWa-h_oXRYiQ,Braised Dried Tofu W. Ham,14.99
8vwdDagJc8bJR0ZojFGZxw,Eel Nigiri/Sashimi,4
8vwdDagJc8bJR0ZojFGZxw,pho beef noodle,9.99
qf4LecJDQWIt0gt6VJWFPw,10 traditional wings,12.99
qf4LecJDQWIt0gt6VJWFPw,Sake Don,20
3i2osEy5qFjdl8ONoDeQTw,Eel Nigiri/Sashimi,4
3i2osEy5qFjdl8ONoDeQTw,Octopus Nigiri/Sashimi,3.5
ZWbpNPOxh-4OO21k4sM2nQ,half baby rib,21.99
ZWbpNPOxh-4OO21k4sM2nQ,beef fire rice,9.99
Bv1eO5cFOGO2SEUzBXNb-w,Don Katsu,15
Bv1eO5cFOGO2SEUzBXNb-w,Eel Nigiri/Sashimi,4
s89VbR93WAweSROEtiaG-A,Regular Fries,6.99
s89VbR93WAweSROEtiaG-A,beef fire rice,9.99
mDCXop4gvbK_43THH0MM4w,Sake Don,20
mDCXop4gvbK_43THH0MM4w,Braised Dried Tofu W. Ham,14.99
XJDeg6jQkZMDXRBIwMg4WQ,beef fire rice,9.99
XJDeg6jQkZMDXRBIwMg4WQ,half baby rib,21.99
tLfsZZf6Rn2xSD-_-GvCew,Eel Nigiri/Sashimi,4
tLfsZZf6Rn2xSD-_-GvCew,classic chicken sandwich,9.99
rXJsa_eKwxT5k5GswKv6YQ,Boiled Corydoras In Spicy Szechuan Sauce,22.99
rXJsa_eKwxT5k5GswKv6YQ,8os Rib eye,25.99
6X1uRuf4Ykdt0prs_xqz6w,beef fire rice,9.99
6X1uRuf4Ykdt0prs_xqz6w,Boiled Corydoras In Spicy Szechuan Sauce,22.99
IL7MEBxfei9pOaGR1g6joQ,Boiled Corydoras In Spicy Szechuan Sauce,22.99
IL7MEBxfei9pOaGR1g6joQ,Fatty Salmon Nigiri/Sashimi,3
FFHTUPo0QTSIylLCCe27ig,Eel Nigiri/Sashimi,4
FFHTUPo0QTSIylLCCe27ig,Don Katsu,15
-iJf5aWwhjwqTaKi_FErOQ,half baby rib,21.99
-iJf5aWwhjwqTaKi_FErOQ,8os Rib eye,25.99
vEqSjvaOk6qsG5fNus2VQw,8os Rib eye,25.99
vEqSjvaOk6qsG5fNus2VQw,Fatty Salmon Nigiri/Sashimi,3
dzAV7NCPW7PYWLYqgPE_GQ,Fatty Salmon Nigiri/Sashimi,3
dzAV7NCPW7PYWLYqgPE_GQ,pho beef noodle,9.99
GpjydTjZ7dsumnf8jL8AqQ,Sake Don,20
GpjydTjZ7dsumnf8jL8AqQ,Braised Dried Tofu W. Ham,14.99
4lFBZxKSq4pJ29qZAtHyrQ,Boiled Corydoras In Spicy Szechuan Sauce,22.99
4lFBZxKSq4pJ29qZAtHyrQ,Fatty Salmon Nigiri/Sashimi,3
2tIjb8ZKuRI5tFGgo_izVQ,8os Rib eye,25.99
2tIjb8ZKuRI5tFGgo_izVQ,Eel Nigiri/Sashimi,4
yDKf31OKa0HZrq31JK9EMg,Chicken W. Fish Belly Hot Pot,99.99
yDKf31OKa0HZrq31JK9EMg,miso soup ramen,9.99
fW9P32cSKWpXzP_jTQAs-A,beef fire rice,9.99
fW9P32cSKWpXzP_jTQAs-A,half baby rib,21.99
qGsdi_PFuqwzN8RqzeWq_w,Chicken W. Fish Belly Hot Pot,99.99
qGsdi_PFuqwzN8RqzeWq_w,Braised Dried Tofu W. Ham,14.99
3Djb86LlGrTAcnveBpuO6g,pho beef noodle,9.99
3Djb86LlGrTAcnveBpuO6g,roast duck,21.99
XJvOamdhTQI65jmzTfreDQ,Sake Don,20
XJvOamdhTQI65jmzTfreDQ,miso soup ramen,9.99
DJ1ga9ulOtxtrx1QRJ92SA,Don Katsu,15
DJ1ga9ulOtxtrx1QRJ92SA,Fatty Salmon Nigiri/Sashimi,3
8piKZNyXUZeG8LVhJDihpg,classic chicken sandwich,9.99
8piKZNyXUZeG8LVhJDihpg,miso soup ramen,9.99
hRfqCBrTGgbC2Qrl8f-yhQ,Regular Fries,6.99
hRfqCBrTGgbC2Qrl8f-yhQ,Don Katsu,15
wNT5VL1LZHz6KIAy5dUN4Q,Regular Fries,6.99
wNT5VL1LZHz6KIAy5dUN4Q,half baby rib,21.99
xCwY3wTayU4iUOLkLCr3tg,Don Katsu,15
xCwY3wTayU4iUOLkLCr3tg,Regular Fries,6.99
yeJAs2OrnRRhsbywHPGMeQ,Fatty Salmon Nigiri/Sashimi,3
yeJAs2OrnRRhsbywHPGMeQ,Chicken W. Fish Belly Hot Pot,99.99
wsyVH0sf0ttt6G7JqmP9vg,roast duck,21.99
wsyVH0sf0ttt6G7JqmP9vg,Octopus Nigiri/Sashimi,3.5
bf4UGa_agRlBm5E5hZNUHQ,roast duck,21.99
bf4UGa_agRlBm5E5hZNUHQ,Boiled Corydoras In Spicy Szechuan Sauce,22.99
dIVfBqdw21nOMPYlL52vaw,miso soup ramen,9.99
dIVfBqdw21nOMPYlL52vaw,8os Rib eye,25.99
yhMpYBlu_yimn9sT-cIayA,Boiled Corydoras In Spicy Szechuan Sauce,22.99
yhMpYBlu_yimn9sT-cIayA,Chicken W. Fish Belly Hot Pot,99.99
bUnqKEP7h48ePxHMXV0fNw,Fatty Salmon Nigiri/Sashimi,3
bUnqKEP7h48ePxHMXV0fNw,Braised Dried Tofu W. Ham,14.99
IfVOLuOBFeNKEY0BHkD-WA,pho beef noodle,9.99
IfVOLuOBFeNKEY0BHkD-WA,beef fire rice,9.99
0a8t_Th0jtWUMmtq0q2dqA,pho beef noodle,9.99
0a8t_Th0jtWUMmtq0q2dqA,10 traditional wings,12.99
FI8fpqACdKnIkO-ur0FVfg,Regular Fries,6.99
FI8fpqACdKnIkO-ur0FVfg,10 traditional wings,12.99
ljBjU43MhcFgoJsH9Xcj7w,Octopus Nigiri/Sashimi,3.5
ljBjU43MhcFgoJsH9Xcj7w,Boiled Corydoras In Spicy Szechuan Sauce,22.99
o3ZzCZCSqK70-S_NnQ4DZA,Don Katsu,15
o3ZzCZCSqK70-S_NnQ4DZA,Braised Dried Tofu W. Ham,14.99
3y6GWhwZsNshAcy3wShT6A,roast duck,21.99
3y6GWhwZsNshAcy3wShT6A,Eel Nigiri/Sashimi,4
cmdMPBVZzL1Ue-2ING_1Tg,pho beef noodle,9.99
cmdMPBVZzL1Ue-2ING_1Tg,miso soup ramen,9.99
qPwqwuSFxE8mnYXnInyvSA,Sake Don,20
qPwqwuSFxE8mnYXnInyvSA,Regular Fries,6.99
fzCQp-bFCUfEWi0X7YvPVw,roast duck,21.99
fzCQp-bFCUfEWi0X7YvPVw,8os Rib eye,25.99
vfnVjP-4xbn_8Bl3f6XAdg,Eel Nigiri/Sashimi,4
vfnVjP-4xbn_8Bl3f6XAdg,half baby rib,21.99
ErcLBEFjqr4nGbF4ozrvgg,8os Rib eye,25.99
ErcLBEFjqr4nGbF4ozrvgg,Regular Fries,6.99
bmJgvpuf2GBXd62ELK0Q2w,beef fire rice,9.99
bmJgvpuf2GBXd62ELK0Q2w,half baby rib,21.99
kjhNdkVVWqAURf_4UPpJzQ,Chicken W. Fish Belly Hot Pot,99.99
kjhNdkVVWqAURf_4UPpJzQ,half baby rib,21.99
p7-OaCLAzVKL-dIH3Xz_rA,Boiled Corydoras In Spicy Szechuan Sauce,22.99
p7-OaCLAzVKL-dIH3Xz_rA,Chicken W. Fish Belly Hot Pot,99.99
LVlXGTfN-9QWN3atSMY45A,8os Rib eye,25.99
LVlXGTfN-9QWN3atSMY45A,Octopus Nigiri/Sashimi,3.5
23-3UTac0FJUtEW-ox_nsQ,Don Katsu,15
23-3UTac0FJUtEW-ox_nsQ,Chicken W. Fish Belly Hot Pot,99.99
VwZ5NDbIu3elGQI6MzcXBA,Boiled Corydoras In Spicy Szechuan Sauce,22.99
VwZ5NDbIu3elGQI6MzcXBA,Sake Don,20
lqjnEMpunyshKpsKa9a66A,8os Rib eye,25.99
lqjnEMpunyshKpsKa9a66A,Chicken W. Fish Belly Hot Pot,99.99
E-DcL1u330qwvoxXhipmUQ,Chicken W. Fish Belly Hot Pot,99.99
E-DcL1u330qwvoxXhipmUQ,roast duck,21.99
FX89yIMKDvg6yhlQTLtmWw,Fatty Salmon Nigiri/Sashimi,3
FX89yIMKDvg6yhlQTLtmWw,Eel Nigiri/Sashimi,4
x5Ty8tDTcwBLDS9dT_aQ2A,pho beef noodle,9.99
x5Ty8tDTcwBLDS9dT_aQ2A,Octopus Nigiri/Sashimi,3.5
jKQOx5cLu3rsRCkbf1fFCw,miso soup ramen,9.99
jKQOx5cLu3rsRCkbf1fFCw,Fatty Salmon Nigiri/Sashimi,3
sGVjXH5boo1Y_3an9XNZBQ,Don Katsu,15
sGVjXH5boo1Y_3an9XNZBQ,Braised Dried Tofu W. Ham,14.99
xa49Z4ar0PXDgjZyHrqbHQ,Octopus Nigiri/Sashimi,3.5
xa49Z4ar0PXDgjZyHrqbHQ,Sake Don,20
s3Soh7TIr8Q91apBqI3e9w,Braised Dried Tofu W. Ham,14.99
s3Soh7TIr8Q91apBqI3e9w,Boiled Corydoras In Spicy Szechuan Sauce,22.99
fRb3lfmmGIfyaSkLjRylWg,pho beef noodle,9.99
fRb3lfmmGIfyaSkLjRylWg,Braised Dried Tofu W. Ham,14.99
qOw6FD59FvUMmkaTjVqS8Q,Sake Don,20
qOw6FD59FvUMmkaTjVqS8Q,Eel Nigiri/Sashimi,4
2JdCmdTOWBvf-DQ2xaVpJQ,Eel Nigiri/Sashimi,4
2JdCmdTOWBvf-DQ2xaVpJQ,Don Katsu,15
VJdGQyg_OvMLDKE9lnEISA,roast duck,21.99
VJdGQyg_OvMLDKE9lnEISA,Octopus Nigiri/Sashimi,3.5
-49YlJ2GGzgmQ71FX9gGyg,pho beef noodle,9.99
-49YlJ2GGzgmQ71FX9gGyg,roast duck,21.99
Pg2ZKh-Ss7CCpaF8MwNWYw,pho beef noodle,9.99
Pg2ZKh-Ss7CCpaF8MwNWYw,8os Rib eye,25.99
9Dudx4ZtC6yqeK4vKc4YJw,8os Rib eye,25.99
9Dudx4ZtC6yqeK4vKc4YJw,Braised Dried Tofu W. Ham,14.99
qP2-g2yWDgEsGNeI_vdJwg,Chicken W. Fish Belly Hot Pot,99.99
qP2-g2yWDgEsGNeI_vdJwg,Boiled Corydoras In Spicy Szechuan Sauce,22.99
zUDtyZ6qyZeshsyF-DFV3g,Fatty Salmon Nigiri/Sashimi,3
zUDtyZ6qyZeshsyF-DFV3g,classic chicken sandwich,9.99
umqAlYC0OtFjFI-sTNSEYw,Don Katsu,15
umqAlYC0OtFjFI-sTNSEYw,Boiled Corydoras In Spicy Szechuan Sauce,22.99
KqbwtP88sAENx9mJk3wXTw,Don Katsu,15
KqbwtP88sAENx9mJk3wXTw,classic chicken sandwich,9.99
RO63FyrJGV96F1sxGd3PlA,10 traditional wings,12.99
RO63FyrJGV96F1sxGd3PlA,pho beef noodle,9.99
3ld-M9oahBBBBaSPm-zXnw,10 traditional wings,12.99
3ld-M9oahBBBBaSPm-zXnw,classic chicken sandwich,9.99
2nnp7C4d9QrJ616R39wKUA,Boiled Corydoras In Spicy Szechuan Sauce,22.99
2nnp7C4d9QrJ616R39wKUA,Sake Don,20
3qW1zZydmtZMA6RIsaoGrA,roast duck,21.99
3qW1zZydmtZMA6RIsaoGrA,beef fire rice,9.99
CPnJ1-2f3gJk-bN2cH_u4Q,miso soup ramen,9.99
CPnJ1-2f3gJk-bN2cH_u4Q,roast duck,21.99
CPcGUTdp2fSPTvcVuhnZ1Q,pho beef noodle,9.99
CPcGUTdp2fSPTvcVuhnZ1Q,half baby rib,21.99
0Nqa0zPHoB_GVucVMd9f6w,miso soup ramen,9.99
0Nqa0zPHoB_GVucVMd9f6w,Boiled Corydoras In Spicy Szechuan Sauce,22.99
xfAi-CRz5hxQ0dN9xJC-IQ,classic chicken sandwich,9.99
xfAi-CRz5hxQ0dN9xJC-IQ,Regular Fries,6.99
TUHo9XQjTkcL5DGqyvE1-Q,pho beef noodle,9.99
TUHo9XQjTkcL5DGqyvE1-Q,Eel Nigiri/Sashimi,4
yCJsChGarOVOAOIuQtrK3w,pho beef noodle,9.99
yCJsChGarOVOAOIuQtrK3w,Eel Nigiri/Sashimi,4
J2U9qjn7klpeDBtua0bCow,Eel Nigiri/Sashimi,4
J2U9qjn7klpeDBtua0bCow,classic chicken sandwich,9.99
tpdulhGvlMo7nXSMIKuoyA,Don Katsu,15
tpdulhGvlMo7nXSMIKuoyA,Sake Don,20
-FPHImCrh555pkxNetpreA,Eel Nigiri/Sashimi,4
-FPHImCrh555pkxNetpreA,miso soup ramen,9.99
2YKmChrYAiCkW624GTRLNQ,Eel Nigiri/Sashimi,4
2YKmChrYAiCkW624GTRLNQ,half baby rib,21.99
YRWRq25_XCUeeqSlK1QZLA,miso soup ramen,9.99
YRWRq25_XCUeeqSlK1QZLA,Octopus Nigiri/Sashimi,3.5
T4Vtm5WHmH28rFjmstowPw,Octopus Nigiri/Sashimi,3.5
T4Vtm5WHmH28rFjmstowPw,miso soup ramen,9.99
EMIRaHf4ngpJ2qYdl_eChw,Regular Fries,6.99
EMIRaHf4ngpJ2qYdl_eChw,pho beef noodle,9.99
ckzXwRVjGukzKRBT0oBM4w,Sake Don,20
ckzXwRVjGukzKRBT0oBM4w,pho beef noodle,9.99
SUththHA3pfnkQT3Tu27IQ,Regular Fries,6.99
SUththHA3pfnkQT3Tu27IQ,Sake Don,20
PYW8Buz8S8LpjIe6mZTAcw,Regular Fries,6.99
PYW8Buz8S8LpjIe6mZTAcw,8os Rib eye,25.99
AZsVCKIWWVE1T8IlFVfcKA,miso soup ramen,9.99
AZsVCKIWWVE1T8IlFVfcKA,pho beef noodle,9.99
iKLhnstKcsUILIaOHwhJ8Q,Regular Fries,6.99
iKLhnstKcsUILIaOHwhJ8Q,Chicken W. Fish Belly Hot Pot,99.99
GXMXaiQYLOiIM8XUq_-luQ,Sake Don,20
GXMXaiQYLOiIM8XUq_-luQ,Octopus Nigiri/Sashimi,3.5
BK3KoKtev1h8e_GfmcD-iw,half baby rib,21.99
BK3KoKtev1h8e_GfmcD-iw,10 traditional wings,12.99
tWFRO1kaw3wghhzFb6D-hA,beef fire rice,9.99
tWFRO1kaw3wghhzFb6D-hA,Don Katsu,15
YNFkP6HqZxwbv-2YMPyZtQ,Regular Fries,6.99
YNFkP6HqZxwbv-2YMPyZtQ,10 traditional wings,12.99
G98s4QCjcSRLsr9FSJ7qWQ,Eel Nigiri/Sashimi,4
G98s4QCjcSRLsr9FSJ7qWQ,miso soup ramen,9.99
Dh65GRW4FmOEjDv_UuPP4A,Eel Nigiri/Sashimi,4
Dh65GRW4FmOEjDv_UuPP4A,Braised Dried Tofu W. Ham,14.99
HGpo8xl2mmYInwnHXenHCQ,Octopus Nigiri/Sashimi,3.5
HGpo8xl2mmYInwnHXenHCQ,Regular Fries,6.99
ddJjWQhRoBW5jK_TiWTMKw,half baby rib,21.99
ddJjWQhRoBW5jK_TiWTMKw,Regular Fries,6.99
0VujPNSbLhKRnJBpLq9xxg,Braised Dried Tofu W. Ham,14.99
0VujPNSbLhKRnJBpLq9xxg,Fatty Salmon Nigiri/Sashimi,3
TiMLGef1wuKakpQVnqwSXA,classic chicken sandwich,9.99
TiMLGef1wuKakpQVnqwSXA,10 traditional wings,12.99
Z4wmhciKWboy1FJKeqcw5w,8os Rib eye,25.99
Z4wmhciKWboy1FJKeqcw5w,pho beef noodle,9.99
xUkNv8UWPWEot8S7hB6KYA,8os Rib eye,25.99
xUkNv8UWPWEot8S7hB6KYA,Fatty Salmon Nigiri/Sashimi,3
3pFjE0o4yiSsD1PYICijmw,pho beef noodle,9.99
3pFjE0o4yiSsD1PYICijmw,half baby rib,21.99
s54X-bkIQ5j6b-DPYmQwIw,Octopus Nigiri/Sashimi,3.5
s54X-bkIQ5j6b-DPYmQwIw,Boiled Corydoras In Spicy Szechuan Sauce,22.99
7aOykEKRmG9JvAh4dQh4Dg,Boiled Corydoras In Spicy Szechuan Sauce,22.99
7aOykEKRmG9JvAh4dQh4Dg,Braised Dried Tofu W. Ham,14.99
1ZOyc39cRMNmEFvTOvQ_Uw,Don Katsu,15
1ZOyc39cRMNmEFvTOvQ_Uw,Eel Nigiri/Sashimi,4
srgWwzVAYAqmQjL1EXLMKw,beef fire rice,9.99
srgWwzVAYAqmQjL1EXLMKw,Braised Dried Tofu W. Ham,14.99
l3WdpUNsmC9SIhCmgDoeVw,Braised Dried Tofu W. Ham,14.99
l3WdpUNsmC9SIhCmgDoeVw,miso soup ramen,9.99
qKhAeWUp1cj3O-o44BUX9w,Chicken W. Fish Belly Hot Pot,99.99
qKhAeWUp1cj3O-o44BUX9w,miso soup ramen,9.99
7znuVDPDpjh4nkJ_xxb-5Q,half baby rib,21.99
7znuVDPDpjh4nkJ_xxb-5Q,beef fire rice,9.99
UQfiI5OnpDSH8pebjT2WKw,beef fire rice,9.99
UQfiI5OnpDSH8pebjT2WKw,classic chicken sandwich,9.99
FEpHL55islEkxBHC5V_YfA,miso soup ramen,9.99
FEpHL55islEkxBHC5V_YfA,Sake Don,20
bWFZ_VkmkY2oA4NlWXPVBg,Octopus Nigiri/Sashimi,3.5
bWFZ_VkmkY2oA4NlWXPVBg,Don Katsu,15
LGOGgAMIqxhuJbycvIwIdA,Eel Nigiri/Sashimi,4
LGOGgAMIqxhuJbycvIwIdA,Octopus Nigiri/Sashimi,3.5
YlAI0sW0bsVsvErTnfXoHQ,Boiled Corydoras In Spicy Szechuan Sauce,22.99
YlAI0sW0bsVsvErTnfXoHQ,Eel Nigiri/Sashimi,4
_dtlumMepOrZx-k1JEwgWA,half baby rib,21.99
_dtlumMepOrZx-k1JEwgWA,pho beef noodle,9.99
doxjN0cPBO6i6lvsmQMalg,Braised Dried Tofu W. Ham,14.99
doxjN0cPBO6i6lvsmQMalg,Fatty Salmon Nigiri/Sashimi,3
zK1rg7IzEyUHTrpuVgQzGw,Boiled Corydoras In Spicy Szechuan Sauce,22.99
zK1rg7IzEyUHTrpuVgQzGw,Fatty Salmon Nigiri/Sashimi,3
ohhlDePMQN0_fxok5mtVrQ,roast duck,21.99
ohhlDePMQN0_fxok5mtVrQ,8os Rib eye,25.99
X9ZFzUiG3gla1OfFFnWbCg,Sake Don,20
X9ZFzUiG3gla1OfFFnWbCg,beef fire rice,9.99
43exQ04EDl3VoWEyjYJw4A,Braised Dried Tofu W. Ham,14.99
43exQ04EDl3VoWEyjYJw4A,miso soup ramen,9.99
jeL2UXjzEqjAj9hXhIdagg,Sake Don,20
jeL2UXjzEqjAj9hXhIdagg,Boiled Corydoras In Spicy Szechuan Sauce,22.99
RscMwBafa1cZh94tGlZT_Q,pho beef noodle,9.99
RscMwBafa1cZh94tGlZT_Q,classic chicken sandwich,9.99
GyrcbrfEXwpnDK-yepdF_w,half baby rib,21.99
GyrcbrfEXwpnDK-yepdF_w,Regular Fries,6.99
xX4uThZwMEKWOwLqgqltig,Don Katsu,15
xX4uThZwMEKWOwLqgqltig,Octopus Nigiri/Sashimi,3.5
JfSwHJ2KfWRXHsPSeh_ekQ,roast duck,21.99
JfSwHJ2KfWRXHsPSeh_ekQ,beef fire rice,9.99
uNgurpUi-9BRM6VLEnuNKA,roast duck,21.99
uNgurpUi-9BRM6VLEnuNKA,8os Rib eye,25.99
TxDWECm9PbIboftdEoPeTQ,pho beef noodle,9.99
TxDWECm9PbIboftdEoPeTQ,Fatty Salmon Nigiri/Sashimi,3
_vXUaBjScB75r0yYOv-FIw,roast duck,21.99
_vXUaBjScB75r0yYOv-FIw,classic chicken sandwich,9.99
A0WpO3Wvr-3XqkKco77DxA,Regular Fries,6.99
A0WpO3Wvr-3XqkKco77DxA,Braised Dried Tofu W. Ham,14.99
9DEHXZfOO1kY_be0nRK-ng,miso soup ramen,9.99
9DEHXZfOO1kY_be0nRK-ng,Eel Nigiri/Sashimi,4
xellD0NghW7cmmeIgjmEXA,Don Katsu,15
xellD0NghW7cmmeIgjmEXA,Sake Don,20
3FelB_85LZ_jbIWfEZl1GA,Chicken W. Fish Belly Hot Pot,99.99
3FelB_85LZ_jbIWfEZl1GA,half baby rib,21.99
D-OfdznkZrOOZ6P3lqTVOQ,Sake Don,20
D-OfdznkZrOOZ6P3lqTVOQ,Braised Dried Tofu W. Ham,14.99
4fdueQgqj-QZQA-ML8WU5w,Braised Dried Tofu W. Ham,14.99
4fdueQgqj-QZQA-ML8WU5w,half baby rib,21.99
_kvfdSVhVG4F0I3lNIbpaA,beef fire rice,9.99
_kvfdSVhVG4F0I3lNIbpaA,roast duck,21.99
8pqdJjefYq-a9IBSJJmKwA,roast duck,21.99
8pqdJjefYq-a9IBSJJmKwA,beef fire rice,9.99
K4iDK3cRduiaJ6eL5jHrgw,pho beef noodle,9.99
K4iDK3cRduiaJ6eL5jHrgw,Braised Dried Tofu W. Ham,14.99
istQgS4BsU7YFoysNYOIlw,Regular Fries,6.99
istQgS4BsU7YFoysNYOIlw,Don Katsu,15
pxdliCtWkCuXW9uHYk8Y9w,roast duck,21.99
pxdliCtWkCuXW9uHYk8Y9w,Fatty Salmon Nigiri/Sashimi,3
ZMlqRNakFKpIfE24y8u-RA,Boiled Corydoras In Spicy Szechuan Sauce,22.99
ZMlqRNakFKpIfE24y8u-RA,Fatty Salmon Nigiri/Sashimi,3
QJOC6Uz-RCpzPB6aMjtP9Q,classic chicken sandwich,9.99
QJOC6Uz-RCpzPB6aMjtP9Q,Don Katsu,15
ieNSHCeHOlxkNGjtjTh69g,Fatty Salmon Nigiri/Sashimi,3
ieNSHCeHOlxkNGjtjTh69g,pho beef noodle,9.99
MI3OE-I70B6VFBCn1rw5lg,8os Rib eye,25.99
MI3OE-I70B6VFBCn1rw5lg,Octopus Nigiri/Sashimi,3.5
69OVg1QQCtYYA_8obYNsog,8os Rib eye,25.99
69OVg1QQCtYYA_8obYNsog,beef fire rice,9.99
qQmIem0AM35BZzv1to9sww,Regular Fries,6.99
qQmIem0AM35BZzv1to9sww,Chicken W. Fish Belly Hot Pot,99.99
I6m2ToW_-7mGaX0oY2TG8g,10 traditional wings,12.99
I6m2ToW_-7mGaX0oY2TG8g,Boiled Corydoras In Spicy Szechuan Sauce,22.99
shbtvcGnl-PEQOpffwYq-w,Sake Don,20
shbtvcGnl-PEQOpffwYq-w,Octopus Nigiri/Sashimi,3.5
O8YYh_b4hf82C4DAeBhmeQ,8os Rib eye,25.99
O8YYh_b4hf82C4DAeBhmeQ,classic chicken sandwich,9.99
en9sRChY9wYY9DoRioodNg,roast duck,21.99
en9sRChY9wYY9DoRioodNg,8os Rib eye,25.99
ZeEk0ePOZZXgo7EMDZ0kAg,beef fire rice,9.99
ZeEk0ePOZZXgo7EMDZ0kAg,miso soup ramen,9.99
Vy9z5-Wf7-A9X9403eUzaQ,Don Katsu,15
Vy9z5-Wf7-A9X9403eUzaQ,Sake Don,20
irXywqvfXj9maLLOBQMYvg,10 traditional wings,12.99
irXywqvfXj9maLLOBQMYvg,Braised Dried Tofu W. Ham,14.99
315NxMEwvz085WAQ1R-D3g,pho beef noodle,9.99
315NxMEwvz085WAQ1R-D3g,Octopus Nigiri/Sashimi,3.5
mYRnVRgvG0Btcj6Oo0UV3A,Boiled Corydoras In Spicy Szechuan Sauce,22.99
mYRnVRgvG0Btcj6Oo0UV3A,Chicken W. Fish Belly Hot Pot,99.99
D4N3kguo363wDH0S1yp6uQ,Sake Don,20
D4N3kguo363wDH0S1yp6uQ,Boiled Corydoras In Spicy Szechuan Sauce,22.99
7mUhsa1kcQ-COh-TK68mWg,Boiled Corydoras In Spicy Szechuan Sauce,22.99
7mUhsa1kcQ-COh-TK68mWg,beef fire rice,9.99
11nvdGtWoKBEiVwkqrwoog,beef fire rice,9.99
11nvdGtWoKBEiVwkqrwoog,Chicken W. Fish Belly Hot Pot,99.99
0K8pNho9xlV0DxNhcg8eug,roast duck,21.99
0K8pNho9xlV0DxNhcg8eug,Fatty Salmon Nigiri/Sashimi,3
LqM-cN0ZqtjJQs5uu4kPjQ,10 traditional wings,12.99
LqM-cN0ZqtjJQs5uu4kPjQ,Eel Nigiri/Sashimi,4
-HMt-jXxUNBIkO8IUOtE-g,roast duck,21.99
-HMt-jXxUNBIkO8IUOtE-g,Don Katsu,15
pF0R_ub8Wdh0ZqeYi1Ig4w,Don Katsu,15
pF0R_ub8Wdh0ZqeYi1Ig4w,Sake Don,20
mMpqV1aCQE7fXic5fNbefA,Octopus Nigiri/Sashimi,3.5
mMpqV1aCQE7fXic5fNbefA,pho beef noodle,9.99
iGmVNQ_t5zKoM2HsJteAPw,Don Katsu,15
iGmVNQ_t5zKoM2HsJteAPw,8os Rib eye,25.99
3kyxNWApJTK2AfL6IhFjFw,Eel Nigiri/Sashimi,4
3kyxNWApJTK2AfL6IhFjFw,Fatty Salmon Nigiri/Sashimi,3
R5bdlFT5iNS9sm0Ow6iIpA,Regular Fries,6.99
R5bdlFT5iNS9sm0Ow6iIpA,roast duck,21.99
Aq6eNr-EKoY1SGwUaYZiDg,half baby rib,21.99
Aq6eNr-EKoY1SGwUaYZiDg,miso soup ramen,9.99
uJITgt5t7j-KpDChsXPV5w,10 traditional wings,12.99
uJITgt5t7j-KpDChsXPV5w,Sake Don,20
vEV2X7UvAoZLFBMGKMEMhA,Octopus Nigiri/Sashimi,3.5
vEV2X7UvAoZLFBMGKMEMhA,Chicken W. Fish Belly Hot Pot,99.99
kHL00cuNothLsacKCvF3zA,roast duck,21.99
kHL00cuNothLsacKCvF3zA,classic chicken sandwich,9.99
xqrlUnrLo1t9UP38S02qeg,Boiled Corydoras In Spicy Szechuan Sauce,22.99
xqrlUnrLo1t9UP38S02qeg,pho beef noodle,9.99
U0IkKH3Ls3pdGXs9RCM-Rg,Eel Nigiri/Sashimi,4
U0IkKH3Ls3pdGXs9RCM-Rg,Fatty Salmon Nigiri/Sashimi,3
WlWnZLMS5CiQ2G2BFJH_zw,Fatty Salmon Nigiri/Sashimi,3
WlWnZLMS5CiQ2G2BFJH_zw,Octopus Nigiri/Sashimi,3.5
488xZxYwdTQD6VNUHQk8XQ,Regular Fries,6.99
488xZxYwdTQD6VNUHQk8XQ,Sake Don,20
0xqJHSZLQGj0L3VGrh80ng,Boiled Corydoras In Spicy Szechuan Sauce,22.99
0xqJHSZLQGj0L3VGrh80ng,Don Katsu,15
70VI6reR3oDXWhRRgpTRTQ,beef fire rice,9.99
70VI6reR3oDXWhRRgpTRTQ,Don Katsu,15
00eSqUS2r4pm0dFZhZ3d1g,Chicken W. Fish Belly Hot Pot,99.99
00eSqUS2r4pm0dFZhZ3d1g,10 traditional wings,12.99
5H3vfZUGT3DdODS_tLz2qw,pho beef noodle,9.99
5H3vfZUGT3DdODS_tLz2qw,miso soup ramen,9.99
BCmVytJZ7bTt-LnxVdkRew,Octopus Nigiri/Sashimi,3.5
BCmVytJZ7bTt-LnxVdkRew,Don Katsu,15
RLlOK2fL6xU1sfIPiP2QBw,Don Katsu,15
RLlOK2fL6xU1sfIPiP2QBw,beef fire rice,9.99
8n2x93ZQ86yK-NGGJ_1Gng,beef fire rice,9.99
8n2x93ZQ86yK-NGGJ_1Gng,Eel Nigiri/Sashimi,4
lykZwXa9ZhPgnwNUheesqQ,8os Rib eye,25.99
lykZwXa9ZhPgnwNUheesqQ,Octopus Nigiri/Sashimi,3.5
vhmZBWquMOzQ7H-LCbwaaw,10 traditional wings,12.99
vhmZBWquMOzQ7H-LCbwaaw,Chicken W. Fish Belly Hot Pot,99.99
gfeQLS1WHwi-3Vp39naD6g,pho beef noodle,9.99
gfeQLS1WHwi-3Vp39naD6g,Chicken W. Fish Belly Hot Pot,99.99
HCBSkwnMPHuOVKrTuGd6DA,classic chicken sandwich,9.99
HCBSkwnMPHuOVKrTuGd6DA,half baby rib,21.99
suVYxo-uPNTlpkJ7w7J-wg,Don Katsu,15
suVYxo-uPNTlpkJ7w7J-wg,half baby rib,21.99
hBuuhKe-l-JGtLVsuPOEJg,beef fire rice,9.99
hBuuhKe-l-JGtLVsuPOEJg,classic chicken sandwich,9.99
ltW5d1VL6kBfGQplODFrXQ,beef fire rice,9.99
ltW5d1VL6kBfGQplODFrXQ,Fatty Salmon Nigiri/Sashimi,3
jyFZWwdc9YxMCt3n-uq0Kw,Sake Don,20
jyFZWwdc9YxMCt3n-uq0Kw,Boiled Corydoras In Spicy Szechuan Sauce,22.99
Kgbj_vB2pfxdClrLhfnlbQ,Braised Dried Tofu W. Ham,14.99
Kgbj_vB2pfxdClrLhfnlbQ,pho beef noodle,9.99
WLLmkBjtN8mr2vWTU8aaCQ,10 traditional wings,12.99
WLLmkBjtN8mr2vWTU8aaCQ,miso soup ramen,9.99
4zQV6v8TwEYMwI9Ekdf19g,beef fire rice,9.99
4zQV6v8TwEYMwI9Ekdf19g,10 traditional wings,12.99
pSmOH4a3HNNpYM82J5ycLA,pho beef noodle,9.99
pSmOH4a3HNNpYM82J5ycLA,Eel Nigiri/Sashimi,4
EkGrpiN5gN6TaSfVQ0ggvA,Eel Nigiri/Sashimi,4
EkGrpiN5gN6TaSfVQ0ggvA,Chicken W. Fish Belly Hot Pot,99.99
wLV_IZfy6nrNbplZ5sHJKQ,roast duck,21.99
wLV_IZfy6nrNbplZ5sHJKQ,Chicken W. Fish Belly Hot Pot,99.99
ANpUM1Nu0IfW-OSUteBsPw,Boiled Corydoras In Spicy Szechuan Sauce,22.99
ANpUM1Nu0IfW-OSUteBsPw,Braised Dried Tofu W. Ham,14.99
Zuyza5Lh7JjVJcg-YJSu8Q,Don Katsu,15
Zuyza5Lh7JjVJcg-YJSu8Q,Octopus Nigiri/Sashimi,3.5
f0-cC5OUb-O-HHPvrs5Ang,Don Katsu,15
f0-cC5OUb-O-HHPvrs5Ang,Regular Fries,6.99
J8epzdTSTGOFALsTI5SglA,Boiled Corydoras In Spicy Szechuan Sauce,22.99
J8epzdTSTGOFALsTI5SglA,Sake Don,20
qiXPjUB2OgurOfSPjQ-P5Q,10 traditional wings,12.99
qiXPjUB2OgurOfSPjQ-P5Q,Regular Fries,6.99
7actrFbH8WtOOhOATrvkOQ,beef fire rice,9.99
7actrFbH8WtOOhOATrvkOQ,roast duck,21.99
3GCYUw_jbRVmKRPizwMAzw,Chicken W. Fish Belly Hot Pot,99.99
3GCYUw_jbRVmKRPizwMAzw,miso soup ramen,9.99
mjXOZkoTNQ7n1Yw8lAMocA,Eel Nigiri/Sashimi,4
mjXOZkoTNQ7n1Yw8lAMocA,Sake Don,20
p_t1W5JAYxMboZ3kkfeCVw,classic chicken sandwich,9.99
p_t1W5JAYxMboZ3kkfeCVw,Regular Fries,6.99
-AhpS4MUSdYWg8SwZpV6eA,Fatty Salmon Nigiri/Sashimi,3
-AhpS4MUSdYWg8SwZpV6eA,Sake Don,20
NVXVLtdgy3kMMr-fPiPTkQ,Chicken W. Fish Belly Hot Pot,99.99
NVXVLtdgy3kMMr-fPiPTkQ,Regular Fries,6.99
uWJiesUyImGEPYYxkZ3Tmw,roast duck,21.99
uWJiesUyImGEPYYxkZ3Tmw,Don Katsu,15
xlnuKvBsNL2nu0kywSSpXQ,pho beef noodle,9.99
xlnuKvBsNL2nu0kywSSpXQ,Boiled Corydoras In Spicy Szechuan Sauce,22.99
FGXAeroIJtnpMPx3JQbiIA,miso soup ramen,9.99
FGXAeroIJtnpMPx3JQbiIA,Braised Dried Tofu W. Ham,14.99
A9R0ztoNK04vgLvDfZ_fZg,Chicken W. Fish Belly Hot Pot,99.99
A9R0ztoNK04vgLvDfZ_fZg,Don Katsu,15
gBIN-yMeTK6nqAa_IMr6Kg,miso soup ramen,9.99
gBIN-yMeTK6nqAa_IMr6Kg,Boiled Corydoras In Spicy Szechuan Sauce,22.99
Z-tqtgCNUEzHPdbE7NTPuA,Fatty Salmon Nigiri/Sashimi,3
Z-tqtgCNUEzHPdbE7NTPuA,Chicken W. Fish Belly Hot Pot,99.99
yR_EfNX8NF_JQTo2LURR4g,Chicken W. Fish Belly Hot Pot,99.99
yR_EfNX8NF_JQTo2LURR4g,miso soup ramen,9.99
zHkUfXkNE34OVQWbFPVqrw,Chicken W. Fish Belly Hot Pot,99.99
zHkUfXkNE34OVQWbFPVqrw,classic chicken sandwich,9.99
WMS4J04WtBIvXczwP15kdA,10 traditional wings,12.99
WMS4J04WtBIvXczwP15kdA,8os Rib eye,25.99
_whpvHqC8ze53i3WadM-Fw,Octopus Nigiri/Sashimi,3.5
_whpvHqC8ze53i3WadM-Fw,Boiled Corydoras In Spicy Szechuan Sauce,22.99
d7Fht_ouACDVoS-NyXm0NA,Octopus Nigiri/Sashimi,3.5
d7Fht_ouACDVoS-NyXm0NA,10 traditional wings,12.99
LPdiS6YE0AvFJ05O9TxtMw,Chicken W. Fish Belly Hot Pot,99.99
LPdiS6YE0AvFJ05O9TxtMw,roast duck,21.99
mEy4xGKfOqMa3q4nWSM0jA,Fatty Salmon Nigiri/Sashimi,3
mEy4xGKfOqMa3q4nWSM0jA,10 traditional wings,12.99
ejpw8tZuj8nlYle4cg4wfg,beef fire rice,9.99
ejpw8tZuj8nlYle4cg4wfg,Sake Don,20
dlqEa58Xf7q5w4e_4Wys1g,roast duck,21.99
dlqEa58Xf7q5w4e_4Wys1g,pho beef noodle,9.99
MKy5T5exCdH4IUVlYPtWkw,half baby rib,21.99
MKy5T5exCdH4IUVlYPtWkw,roast duck,21.99
Z2ETYcXzj1heNfadJMKO_Q,Eel Nigiri/Sashimi,4
Z2ETYcXzj1heNfadJMKO_Q,classic chicken sandwich,9.99
Sa09GY2yv5gn15qfZ5JKsA,8os Rib eye,25.99
Sa09GY2yv5gn15qfZ5JKsA,half baby rib,21.99
MiZkyuqAyy0pR96lBaIRJQ,Sake Don,20
MiZkyuqAyy0pR96lBaIRJQ,Fatty Salmon Nigiri/Sashimi,3
Jwp0yYMeQHdPaZZA4DQ7qQ,Octopus Nigiri/Sashimi,3.5
Jwp0yYMeQHdPaZZA4DQ7qQ,beef fire rice,9.99
Dp4nnzvigo-qUXuSnHaBww,Don Katsu,15
Dp4nnzvigo-qUXuSnHaBww,roast duck,21.99
_EmgFQOFTEMemyJqk2AD5Q,Chicken W. Fish Belly Hot Pot,99.99
_EmgFQOFTEMemyJqk2AD5Q,Fatty Salmon Nigiri/Sashimi,3
NimI2u6uSS-DwsouQUO-Mg,Don Katsu,15
NimI2u6uSS-DwsouQUO-Mg,Chicken W. Fish Belly Hot Pot,99.99
WEyscOTFMWXEAH5Mloh6AA,Braised Dried Tofu W. Ham,14.99
WEyscOTFMWXEAH5Mloh6AA,Regular Fries,6.99
6-cxfuwufT4vhxGyjSO8fA,miso soup ramen,9.99
6-cxfuwufT4vhxGyjSO8fA,roast duck,21.99
rz6OwA9uQM7sbZ6QQsISIg,Eel Nigiri/Sashimi,4
rz6OwA9uQM7sbZ6QQsISIg,pho beef noodle,9.99
F7X0lOg0I_1NfVDNFYPe-A,roast duck,21.99
F7X0lOg0I_1NfVDNFYPe-A,miso soup ramen,9.99
D_ze8oskRFw1riLnSuz4oQ,roast duck,21.99
D_ze8oskRFw1riLnSuz4oQ,pho beef noodle,9.99
KP5OncF2jhT7_J1phHPPww,8os Rib eye,25.99
KP5OncF2jhT7_J1phHPPww,classic chicken sandwich,9.99
bN7KQSVbEmRVJnQEkl3vkw,Regular Fries,6.99
bN7KQSVbEmRVJnQEkl3vkw,Chicken W. Fish Belly Hot Pot,99.99
RxLdmFo8itf7Xqtlm1WK3Q,Fatty Salmon Nigiri/Sashimi,3
RxLdmFo8itf7Xqtlm1WK3Q,Eel Nigiri/Sashimi,4
zs4vsJYsEx4hB-w3wp1Tvg,Boiled Corydoras In Spicy Szechuan Sauce,22.99
zs4vsJYsEx4hB-w3wp1Tvg,miso soup ramen,9.99
7Qi2oZY5vgCcQb3g6iNeyw,beef fire rice,9.99
7Qi2oZY5vgCcQb3g6iNeyw,roast duck,21.99
NqqJoPVkA3rN_J7MuziSMw,miso soup ramen,9.99
NqqJoPVkA3rN_J7MuziSMw,roast duck,21.99
-kfHz1kimX62QEceFkkB_g,miso soup ramen,9.99
-kfHz1kimX62QEceFkkB_g,half baby rib,21.99
4samvXp8jtwYn_qU_10g2A,pho beef noodle,9.99
4samvXp8jtwYn_qU_10g2A,roast duck,21.99
9piIhWbzbr-47RL-Rh63Iw,Don Katsu,15
9piIhWbzbr-47RL-Rh63Iw,pho beef noodle,9.99
9G3YciHeZYY6qfVGHBCHJQ,Eel Nigiri/Sashimi,4
9G3YciHeZYY6qfVGHBCHJQ,Regular Fries,6.99
5u-fuXhvuwQfaB_E0JGV_A,pho beef noodle,9.99
5u-fuXhvuwQfaB_E0JGV_A,Don Katsu,15
b3-uV7wcmhK7RDmM0J_DBg,half baby rib,21.99
b3-uV7wcmhK7RDmM0J_DBg,Chicken W. Fish Belly Hot Pot,99.99
jdo4svuoSEdsjVJPxrSTPg,Octopus Nigiri/Sashimi,3.5
jdo4svuoSEdsjVJPxrSTPg,roast duck,21.99
h-Ypo3j3_8SmzSP6TzNmsA,10 traditional wings,12.99
h-Ypo3j3_8SmzSP6TzNmsA,Eel Nigiri/Sashimi,4
jDCk9DEwSS_TamliID4QuQ,Octopus Nigiri/Sashimi,3.5
jDCk9DEwSS_TamliID4QuQ,roast duck,21.99
JLV6DlY2_86blXAgQ8LG9w,miso soup ramen,9.99
JLV6DlY2_86blXAgQ8LG9w,Boiled Corydoras In Spicy Szechuan Sauce,22.99
99qH9ZeU-jIdeDA3--M1bQ,Octopus Nigiri/Sashimi,3.5
99qH9ZeU-jIdeDA3--M1bQ,8os Rib eye,25.99
tP9Sn0KzL2GzImUGchXYMQ,classic chicken sandwich,9.99
tP9Sn0KzL2GzImUGchXYMQ,Don Katsu,15
zAHzitys-ncDZi0nVW_qsw,miso soup ramen,9.99
zAHzitys-ncDZi0nVW_qsw,Chicken W. Fish Belly Hot Pot,99.99
JfEvhf0cSyjeh82be2KeTQ,10 traditional wings,12.99
JfEvhf0cSyjeh82be2KeTQ,half baby rib,21.99
GpQsG1mt4pustWu_BFO6sg,Don Katsu,15
GpQsG1mt4pustWu_BFO6sg,Boiled Corydoras In Spicy Szechuan Sauce,22.99
YuTrJL0BStMGlvJR2QZebg,pho beef noodle,9.99
YuTrJL0BStMGlvJR2QZebg,8os Rib eye,25.99
yyGp1_3i_zhfpBVIY4Xaww,10 traditional wings,12.99
yyGp1_3i_zhfpBVIY4Xaww,pho beef noodle,9.99
W7S0G6eLDFSoxVBpaU33Rg,pho beef noodle,9.99
W7S0G6eLDFSoxVBpaU33Rg,Don Katsu,15
IuPn2Ifxlo4dFMVAVkBoNQ,Fatty Salmon Nigiri/Sashimi,3
IuPn2Ifxlo4dFMVAVkBoNQ,Sake Don,20
nGY4Gv8TGyFxI77pxgBj7g,roast duck,21.99
nGY4Gv8TGyFxI77pxgBj7g,miso soup ramen,9.99
RgoaC4wgsOxaGGhzPjo3eA,Don Katsu,15
RgoaC4wgsOxaGGhzPjo3eA,Boiled Corydoras In Spicy Szechuan Sauce,22.99
3TpSuWBTfoHyALIePVpNXw,8os Rib eye,25.99
3TpSuWBTfoHyALIePVpNXw,Boiled Corydoras In Spicy Szechuan Sauce,22.99
wbjEzawC9XK00KVJui57BA,Regular Fries,6.99
wbjEzawC9XK00KVJui57BA,Octopus Nigiri/Sashimi,3.5
U782dba0FoFLi3cmXbo88Q,Eel Nigiri/Sashimi,4
U782dba0FoFLi3cmXbo88Q,Chicken W. Fish Belly Hot Pot,99.99
2JJO0xpG5J93Ic8top5luQ,Boiled Corydoras In Spicy Szechuan Sauce,22.99
2JJO0xpG5J93Ic8top5luQ,classic chicken sandwich,9.99
hV-bABTK-glh5wj31ps_Jw,half baby rib,21.99
hV-bABTK-glh5wj31ps_Jw,classic chicken sandwich,9.99
R7tc4kaCmFDjrAOhbaRe7Q,Chicken W. Fish Belly Hot Pot,99.99
R7tc4kaCmFDjrAOhbaRe7Q,beef fire rice,9.99
KGcpgfmsWjseNRHrvsn5gg,10 traditional wings,12.99
KGcpgfmsWjseNRHrvsn5gg,Don Katsu,15
dvwm1QCryoaj6pyhkLiRQw,Sake Don,20
dvwm1QCryoaj6pyhkLiRQw,Chicken W. Fish Belly Hot Pot,99.99
Jj2ds2qo-SXHxsBIL6B1qQ,Sake Don,20
Jj2ds2qo-SXHxsBIL6B1qQ,miso soup ramen,9.99
mLrt_o9RilIWH4lFDSFENg,roast duck,21.99
mLrt_o9RilIWH4lFDSFENg,Chicken W. Fish Belly Hot Pot,99.99
tOTMNS_uyyZXBvuYJLXmYA,Don Katsu,15
tOTMNS_uyyZXBvuYJLXmYA,8os Rib eye,25.99
66wcjP8_G9gFRU30Y5oQBA,10 traditional wings,12.99
66wcjP8_G9gFRU30Y5oQBA,miso soup ramen,9.99
BYp_0rYXtTgIsSuKbxRc_Q,Braised Dried Tofu W. Ham,14.99
BYp_0rYXtTgIsSuKbxRc_Q,10 traditional wings,12.99
5WF3593by2u-aE_WaM7_Mw,beef fire rice,9.99
5WF3593by2u-aE_WaM7_Mw,Octopus Nigiri/Sashimi,3.5
LG9WtCRXx_PAr0y4nO0qjg,Chicken W. Fish Belly Hot Pot,99.99
LG9WtCRXx_PAr0y4nO0qjg,Fatty Salmon Nigiri/Sashimi,3
Hk077y7AFkrDo9jr3TG59A,8os Rib eye,25.99
Hk077y7AFkrDo9jr3TG59A,classic chicken sandwich,9.99
O66Tc8g7bH1LcHMVqjkgaQ,half baby rib,21.99
O66Tc8g7bH1LcHMVqjkgaQ,Chicken W. Fish Belly Hot Pot,99.99
gajhaXGudlDgCz_-ik1g_w,Chicken W. Fish Belly Hot Pot,99.99
gajhaXGudlDgCz_-ik1g_w,Eel Nigiri/Sashimi,4
yoS-4wkVn6StLiK3RL1bSw,Braised Dried Tofu W. Ham,14.99
yoS-4wkVn6StLiK3RL1bSw,Don Katsu,15
AzylMkpWl-OLWQLMKVRoVg,pho beef noodle,9.99
AzylMkpWl-OLWQLMKVRoVg,half baby rib,21.99
DZYSb9amfB3EAh1IdwtbEA,Sake Don,20
DZYSb9amfB3EAh1IdwtbEA,10 traditional wings,12.99
w8IHN58WRQ7-9euvBSkr0w,beef fire rice,9.99
w8IHN58WRQ7-9euvBSkr0w,miso soup ramen,9.99
UFpCraqzFBAhtZqmxmiWsA,classic chicken sandwich,9.99
UFpCraqzFBAhtZqmxmiWsA,Don Katsu,15
a2yMjo__BZEZy8unIT8TFA,Fatty Salmon Nigiri/Sashimi,3
a2yMjo__BZEZy8unIT8TFA,Boiled Corydoras In Spicy Szechuan Sauce,22.99
7mMo8yHYotRJeyQWa-z_EA,classic chicken sandwich,9.99
7mMo8yHYotRJeyQWa-z_EA,Regular Fries,6.99
dHV0igKxOKZgl-P-eQvqmQ,roast duck,21.99
dHV0igKxOKZgl-P-eQvqmQ,10 traditional wings,12.99
AV2MB75oRvnbek1_td3kXw,Boiled Corydoras In Spicy Szechuan Sauce,22.99
AV2MB75oRvnbek1_td3kXw,10 traditional wings,12.99
A1IQx2gNtPFbmLAuLEaIuw,Sake Don,20
A1IQx2gNtPFbmLAuLEaIuw,Fatty Salmon Nigiri/Sashimi,3
dIpTuL2T1L98GQGU17IeSw,roast duck,21.99
dIpTuL2T1L98GQGU17IeSw,8os Rib eye,25.99
gtlj72UOq-wOSuOfXOCWeg,pho beef noodle,9.99
gtlj72UOq-wOSuOfXOCWeg,Regular Fries,6.99
mL2wlsbJ5J9fhmIC4QagUw,classic chicken sandwich,9.99
mL2wlsbJ5J9fhmIC4QagUw,Chicken W. Fish Belly Hot Pot,99.99
I8qJja9Cz6PYjQNj3_pDRg,Fatty Salmon Nigiri/Sashimi,3
I8qJja9Cz6PYjQNj3_pDRg,Don Katsu,15
CxXqjxATiPJWY6_ZH6c2xg,Boiled Corydoras In Spicy Szechuan Sauce,22.99
CxXqjxATiPJWY6_ZH6c2xg,Sake Don,20
7qjgb2pc7rhm9uSZ2oPxfQ,beef fire rice,9.99
7qjgb2pc7rhm9uSZ2oPxfQ,Chicken W. Fish Belly Hot Pot,99.99
QVXfW1c8eOm9SJVb3xdo7w,Braised Dried Tofu W. Ham,14.99
QVXfW1c8eOm9SJVb3xdo7w,miso soup ramen,9.99
BVv3JFBNRQW3pX9cTZizkQ,8os Rib eye,25.99
BVv3JFBNRQW3pX9cTZizkQ,beef fire rice,9.99
F27-fy703U375Dexi81yJA,Eel Nigiri/Sashimi,4
F27-fy703U375Dexi81yJA,Chicken W. Fish Belly Hot Pot,99.99
WHFYn-b52ApOFymcKuGoFw,Octopus Nigiri/Sashimi,3.5
WHFYn-b52ApOFymcKuGoFw,Regular Fries,6.99
IiatvDg0R1qwPtKPmSOdlQ,Regular Fries,6.99
IiatvDg0R1qwPtKPmSOdlQ,8os Rib eye,25.99
AuUSWIaRQaLVEDfxfu8EXQ,pho beef noodle,9.99
AuUSWIaRQaLVEDfxfu8EXQ,miso soup ramen,9.99
r3OxrSQ7c2Pzf2oT2pNfKA,pho beef noodle,9.99
r3OxrSQ7c2Pzf2oT2pNfKA,half baby rib,21.99
j62nKPiCfjawsbbvKl_0Yg,Chicken W. Fish Belly Hot Pot,99.99
j62nKPiCfjawsbbvKl_0Yg,10 traditional wings,12.99
Yv9KUZ-N3otoKUtToPPxAg,Sake Don,20
Yv9KUZ-N3otoKUtToPPxAg,Braised Dried Tofu W. Ham,14.99
mqKz51qAxfcBaUhNCGcysg,Sake Don,20
mqKz51qAxfcBaUhNCGcysg,Eel Nigiri/Sashimi,4
hS8z5yNV0QJQcKo1aV2KHA,Regular Fries,6.99
hS8z5yNV0QJQcKo1aV2KHA,Fatty Salmon Nigiri/Sashimi,3
D9bwQb0M2iA71ws7l7fnaw,Eel Nigiri/Sashimi,4
D9bwQb0M2iA71ws7l7fnaw,Don Katsu,15
2XFRm3DSYm6ULx0oPTpQCg,8os Rib eye,25.99
2XFRm3DSYm6ULx0oPTpQCg,Braised Dried Tofu W. Ham,14.99
Zk5ByFqmdqBAeVPiSS-cfw,10 traditional wings,12.99
Zk5ByFqmdqBAeVPiSS-cfw,Don Katsu,15
U5_T9hDfdYFWS8ahj_1Dvw,Fatty Salmon Nigiri/Sashimi,3
U5_T9hDfdYFWS8ahj_1Dvw,miso soup ramen,9.99
YxHtKm78yw9mpyE-OTJ8-Q,Fatty Salmon Nigiri/Sashimi,3
YxHtKm78yw9mpyE-OTJ8-Q,roast duck,21.99
0WFpcVkqvK1_UuqW041_9w,Eel Nigiri/Sashimi,4
0WFpcVkqvK1_UuqW041_9w,10 traditional wings,12.99
r5dUIJJwaChqvIjGkUJtfw,Boiled Corydoras In Spicy Szechuan Sauce,22.99
r5dUIJJwaChqvIjGkUJtfw,Fatty Salmon Nigiri/Sashimi,3
wYL89pek3sIg4PptNRnMFQ,half baby rib,21.99
wYL89pek3sIg4PptNRnMFQ,classic chicken sandwich,9.99
s5XPPOv9_fsRvSU95K3iIw,8os Rib eye,25.99
s5XPPOv9_fsRvSU95K3iIw,roast duck,21.99
7x4Sht9aPbITf6DmfhGjKA,Braised Dried Tofu W. Ham,14.99
7x4Sht9aPbITf6DmfhGjKA,Regular Fries,6.99
VmkntDoCpazOVmNIlXx0ug,pho beef noodle,9.99
VmkntDoCpazOVmNIlXx0ug,Eel Nigiri/Sashimi,4
0fQdnsMCqBk4z4RlNJYVdQ,Don Katsu,15
0fQdnsMCqBk4z4RlNJYVdQ,Boiled Corydoras In Spicy Szechuan Sauce,22.99
uv5b6lgBHXIwtCjJ_c-Yvg,pho beef noodle,9.99
uv5b6lgBHXIwtCjJ_c-Yvg,miso soup ramen,9.99
2VPvJZcj5ttyXgxQ6PqEgA,half baby rib,21.99
2VPvJZcj5ttyXgxQ6PqEgA,pho beef noodle,9.99
mLsBTZoCV_Rae4pUfR7Ijg,miso soup ramen,9.99
mLsBTZoCV_Rae4pUfR7Ijg,Fatty Salmon Nigiri/Sashimi,3
6Pu5MKIWbn6FO-oebSSrYQ,Sake Don,20
6Pu5MKIWbn6FO-oebSSrYQ,8os Rib eye,25.99
5YDLbL76m1mzbvQbD4p0xw,Don Katsu,15
5YDLbL76m1mzbvQbD4p0xw,Chicken W. Fish Belly Hot Pot,99.99
YiSmznpxIFwSg-GLX_-vjQ,Don Katsu,15
YiSmznpxIFwSg-GLX_-vjQ,Braised Dried Tofu W. Ham,14.99
DWeZM01dYX_sMzH1WfCT1g,Regular Fries,6.99
DWeZM01dYX_sMzH1WfCT1g,roast duck,21.99
rDr7zhYBOmC3NzJXcZd1BQ,Octopus Nigiri/Sashimi,3.5
rDr7zhYBOmC3NzJXcZd1BQ,10 traditional wings,12.99
j2-ZBur0SBm8l9NkRKS0HA,Boiled Corydoras In Spicy Szechuan Sauce,22.99
j2-ZBur0SBm8l9NkRKS0HA,pho beef noodle,9.99
pFgkDEm69IhsQxI93BDbyQ,miso soup ramen,9.99
pFgkDEm69IhsQxI93BDbyQ,Braised Dried Tofu W. Ham,14.99
ZGBAITgWKrPe_ABmdQxFmg,half baby rib,21.99
ZGBAITgWKrPe_ABmdQxFmg,Chicken W. Fish Belly Hot Pot,99.99
6bT_9fRGR5RMMF_ik_wImw,Chicken W. Fish Belly Hot Pot,99.99
6bT_9fRGR5RMMF_ik_wImw,Boiled Corydoras In Spicy Szechuan Sauce,22.99
sjl5yn2tqswhZm33L4xImA,Sake Don,20
sjl5yn2tqswhZm33L4xImA,Regular Fries,6.99
Ds8E5RPjm2UHUemXJVTs3w,Octopus Nigiri/Sashimi,3.5
Ds8E5RPjm2UHUemXJVTs3w,pho beef noodle,9.99
mAYXISOsRRmEkj6mLeu0Og,miso soup ramen,9.99
mAYXISOsRRmEkj6mLeu0Og,8os Rib eye,25.99
7hPD8P9LLMEfvnCt04-hyg,Boiled Corydoras In Spicy Szechuan Sauce,22.99
7hPD8P9LLMEfvnCt04-hyg,Eel Nigiri/Sashimi,4
SX8d0eQ2kvy_dlPyikqZZw,Sake Don,20
SX8d0eQ2kvy_dlPyikqZZw,Eel Nigiri/Sashimi,4
rhe60AwSzlSbYQuTFZ7RkQ,half baby rib,21.99
rhe60AwSzlSbYQuTFZ7RkQ,miso soup ramen,9.99
KdAWjL9MKjpJzEeI902qBA,Fatty Salmon Nigiri/Sashimi,3
KdAWjL9MKjpJzEeI902qBA,miso soup ramen,9.99
3pamD1Qj7MXrF6dglK_guQ,miso soup ramen,9.99
3pamD1Qj7MXrF6dglK_guQ,Regular Fries,6.99
R3r9ZoGExGDZL4etQUrwUQ,Eel Nigiri/Sashimi,4
R3r9ZoGExGDZL4etQUrwUQ,Chicken W. Fish Belly Hot Pot,99.99
ihwy-7E5CbOuQ8WR2UabLw,Boiled Corydoras In Spicy Szechuan Sauce,22.99
ihwy-7E5CbOuQ8WR2UabLw,Don Katsu,15
Vq77GKtHp2nMsiKbjumgvA,Octopus Nigiri/Sashimi,3.5
Vq77GKtHp2nMsiKbjumgvA,miso soup ramen,9.99
2pYUBcNkUxD1Bg8FA5lCzg,Fatty Salmon Nigiri/Sashimi,3
2pYUBcNkUxD1Bg8FA5lCzg,Regular Fries,6.99
5M3AWxHBAJn6ET3AtBzmDw,10 traditional wings,12.99
5M3AWxHBAJn6ET3AtBzmDw,Fatty Salmon Nigiri/Sashimi,3
_C7QiQQc47AOEv4PE3Kong,half baby rib,21.99
_C7QiQQc47AOEv4PE3Kong,Boiled Corydoras In Spicy Szechuan Sauce,22.99
C-9LDLDx0n2_3VPddBsGwA,Braised Dried Tofu W. Ham,14.99
C-9LDLDx0n2_3VPddBsGwA,roast duck,21.99
RZB03R11EpkBJTUpDmNKJA,Braised Dried Tofu W. Ham,14.99
RZB03R11EpkBJTUpDmNKJA,miso soup ramen,9.99
qoI3Ujll7W_WtJj2_0HWTQ,beef fire rice,9.99
qoI3Ujll7W_WtJj2_0HWTQ,half baby rib,21.99
4rqDwttEWvMDZzvbOHv-ag,half baby rib,21.99
4rqDwttEWvMDZzvbOHv-ag,Boiled Corydoras In Spicy Szechuan Sauce,22.99
tzR6CHZNmnXzADX-SoM2sQ,Sake Don,20
tzR6CHZNmnXzADX-SoM2sQ,Fatty Salmon Nigiri/Sashimi,3
h9hL9yEGJtmqclNjG3yHnQ,Don Katsu,15
h9hL9yEGJtmqclNjG3yHnQ,Boiled Corydoras In Spicy Szechuan Sauce,22.99
02Kx1YpAx6jm2AFKGHd4rg,Octopus Nigiri/Sashimi,3.5
02Kx1YpAx6jm2AFKGHd4rg,roast duck,21.99
3StNEgKAwpCFR1q0urmJrw,Boiled Corydoras In Spicy Szechuan Sauce,22.99
3StNEgKAwpCFR1q0urmJrw,half baby rib,21.99
J2gkKCIOhmMTDIt0CKkXAg,Don Katsu,15
J2gkKCIOhmMTDIt0CKkXAg,Braised Dried Tofu W. Ham,14.99
7l7XOid3zqMgq-Of281Qww,Sake Don,20
7l7XOid3zqMgq-Of281Qww,Chicken W. Fish Belly Hot Pot,99.99
qYe7k9E0OJrQPJYGiDIw-A,8os Rib eye,25.99
qYe7k9E0OJrQPJYGiDIw-A,miso soup ramen,9.99
UdHM_g-JbjxQvGaHKykKeA,10 traditional wings,12.99
UdHM_g-JbjxQvGaHKykKeA,Regular Fries,6.99
NbTNxhZXhPOPUhBFXZ1jLQ,Sake Don,20
NbTNxhZXhPOPUhBFXZ1jLQ,Don Katsu,15
LQZdcwfqneUIrZTy1VvWfg,8os Rib eye,25.99
LQZdcwfqneUIrZTy1VvWfg,Chicken W. Fish Belly Hot Pot,99.99
XriKtVR4J_DG-R0xFqYXEg,classic chicken sandwich,9.99
XriKtVR4J_DG-R0xFqYXEg,roast duck,21.99
ptLOmLGPbmq9QH6CXDGRZg,half baby rib,21.99
ptLOmLGPbmq9QH6CXDGRZg,roast duck,21.99
INOGmv-Mcb4ZPuMltrIucQ,roast duck,21.99
INOGmv-Mcb4ZPuMltrIucQ,Braised Dried Tofu W. Ham,14.99
ift59_mVs1O1ZiW8ztlZiw,Fatty Salmon Nigiri/Sashimi,3
ift59_mVs1O1ZiW8ztlZiw,classic chicken sandwich,9.99
RloVMlIr8kP8Sn609loBTg,Octopus Nigiri/Sashimi,3.5
RloVMlIr8kP8Sn609loBTg,Eel Nigiri/Sashimi,4
FRKqZwXnJqPSdtGW-7nwpw,half baby rib,21.99
FRKqZwXnJqPSdtGW-7nwpw,Chicken W. Fish Belly Hot Pot,99.99
3zK9LTY3TgH7nU18-dnXtA,Don Katsu,15
3zK9LTY3TgH7nU18-dnXtA,miso soup ramen,9.99
w4eReKam-skGORjv41A7KQ,Eel Nigiri/Sashimi,4
w4eReKam-skGORjv41A7KQ,Don Katsu,15
OjS4cZZxlyTvq6y9idmkjw,classic chicken sandwich,9.99
OjS4cZZxlyTvq6y9idmkjw,Fatty Salmon Nigiri/Sashimi,3
0LhSxEtArvcr5CcOqR5txA,roast duck,21.99
0LhSxEtArvcr5CcOqR5txA,pho beef noodle,9.99
1uR8FrUDrJFwtdUu06_amA,beef fire rice,9.99
1uR8FrUDrJFwtdUu06_amA,pho beef noodle,9.99
ZXnoFqR62crtdu4s56egyA,Chicken W. Fish Belly Hot Pot,99.99
ZXnoFqR62crtdu4s56egyA,Regular Fries,6.99
RQPDg_bnyjPrk1xiWf3lpA,Eel Nigiri/Sashimi,4
RQPDg_bnyjPrk1xiWf3lpA,Boiled Corydoras In Spicy Szechuan Sauce,22.99
deA06KLDS11uTDtUUrohRw,half baby rib,21.99
deA06KLDS11uTDtUUrohRw,pho beef noodle,9.99
wvD7TOuE-qUhkyXoi8K8hA,Boiled Corydoras In Spicy Szechuan Sauce,22.99
wvD7TOuE-qUhkyXoi8K8hA,miso soup ramen,9.99
O91-SXmohStDJxxUChYENQ,Chicken W. Fish Belly Hot Pot,99.99
O91-SXmohStDJxxUChYENQ,Eel Nigiri/Sashimi,4
jyz0iyu8C9s6wdeU-Xieog,Fatty Salmon Nigiri/Sashimi,3
jyz0iyu8C9s6wdeU-Xieog,10 traditional wings,12.99
_r8-3R2nc5Qgg1ibnK4l7A,half baby rib,21.99
_r8-3R2nc5Qgg1ibnK4l7A,Fatty Salmon Nigiri/Sashimi,3
PxORQiDmPhd5xwTd1mFbDQ,8os Rib eye,25.99
PxORQiDmPhd5xwTd1mFbDQ,Don Katsu,15
zk7tV01E9N_VenizNqX6yA,Chicken W. Fish Belly Hot Pot,99.99
zk7tV01E9N_VenizNqX6yA,Braised Dried Tofu W. Ham,14.99
qh2xcM_-oY45dQjyiHP8MQ,Fatty Salmon Nigiri/Sashimi,3
qh2xcM_-oY45dQjyiHP8MQ,Braised Dried Tofu W. Ham,14.99
_uBLAHV-Syopxo3u-Fs4lA,Octopus Nigiri/Sashimi,3.5
_uBLAHV-Syopxo3u-Fs4lA,pho beef noodle,9.99
y9DacB6nnSJ42l3Y2y2h3w,Regular Fries,6.99
y9DacB6nnSJ42l3Y2y2h3w,Fatty Salmon Nigiri/Sashimi,3
bdgRENPF17SYmEn2k5VPQA,Eel Nigiri/Sashimi,4
bdgRENPF17SYmEn2k5VPQA,miso soup ramen,9.99
8wTLePO7erXmXTFjeSGSOA,Sake Don,20
8wTLePO7erXmXTFjeSGSOA,Chicken W. Fish Belly Hot Pot,99.99
sXm5nP7B4QsSJrCSKBMCTg,Fatty Salmon Nigiri/Sashimi,3
sXm5nP7B4QsSJrCSKBMCTg,miso soup ramen,9.99
H-3udsXhsSDrfwHdQUv1Zw,Regular Fries,6.99
H-3udsXhsSDrfwHdQUv1Zw,Chicken W. Fish Belly Hot Pot,99.99
833wlKuCtI8lT28oFsYV-A,Chicken W. Fish Belly Hot Pot,99.99
833wlKuCtI8lT28oFsYV-A,beef fire rice,9.99
xFlEEcK2z6Leb8WroywXJQ,half baby rib,21.99
xFlEEcK2z6Leb8WroywXJQ,10 traditional wings,12.99
csfq_i-3HcyBFt50JK344g,Boiled Corydoras In Spicy Szechuan Sauce,22.99
csfq_i-3HcyBFt50JK344g,Octopus Nigiri/Sashimi,3.5
QmrmMF6bUXNnxOtxzX6fxg,classic chicken sandwich,9.99
QmrmMF6bUXNnxOtxzX6fxg,Boiled Corydoras In Spicy Szechuan Sauce,22.99
0x4BzJ4yiCOKH9R7TDWCFw,10 traditional wings,12.99
0x4BzJ4yiCOKH9R7TDWCFw,Eel Nigiri/Sashimi,4
sI7bYQFO063wLA0opYA-iA,Boiled Corydoras In Spicy Szechuan Sauce,22.99
sI7bYQFO063wLA0opYA-iA,roast duck,21.99
5E_llTG4jqraq0n95IFajA,Don Katsu,15
5E_llTG4jqraq0n95IFajA,Octopus Nigiri/Sashimi,3.5
T6c7iPO8Y4t_GQiyevZbiQ,Fatty Salmon Nigiri/Sashimi,3
T6c7iPO8Y4t_GQiyevZbiQ,Eel Nigiri/Sashimi,4
T97hE3STgTgpwda75h6p1w,Eel Nigiri/Sashimi,4
T97hE3STgTgpwda75h6p1w,half baby rib,21.99
dP5k-Plsiw9dn9h9Y1oWNA,pho beef noodle,9.99
dP5k-Plsiw9dn9h9Y1oWNA,10 traditional wings,12.99
OgilsqqoshPEsPYdx7GIzg,8os Rib eye,25.99
OgilsqqoshPEsPYdx7GIzg,Don Katsu,15
sjueAFshWHWkKn5a1AymuQ,Don Katsu,15
sjueAFshWHWkKn5a1AymuQ,Fatty Salmon Nigiri/Sashimi,3
RGfMW1B7855enWvaOPPNHA,Eel Nigiri/Sashimi,4
RGfMW1B7855enWvaOPPNHA,Octopus Nigiri/Sashimi,3.5
8pKHyTeLC6vsGiLTQ9eSeQ,Octopus Nigiri/Sashimi,3.5
8pKHyTeLC6vsGiLTQ9eSeQ,10 traditional wings,12.99
0mT-DBrVsTpBA2dbOuGAkA,Octopus Nigiri/Sashimi,3.5
0mT-DBrVsTpBA2dbOuGAkA,miso soup ramen,9.99
kxKai8GE5oDMPevV7oxvbA,Fatty Salmon Nigiri/Sashimi,3
kxKai8GE5oDMPevV7oxvbA,classic chicken sandwich,9.99
XKevywsd9Br4YDcd7IC2-w,Eel Nigiri/Sashimi,4
XKevywsd9Br4YDcd7IC2-w,beef fire rice,9.99
NAW0dxOFXE7B0k31rfInYw,pho beef noodle,9.99
NAW0dxOFXE7B0k31rfInYw,Regular Fries,6.99
ETocc91Bm5-EMPhODTUx_Q,Fatty Salmon Nigiri/Sashimi,3
ETocc91Bm5-EMPhODTUx_Q,miso soup ramen,9.99
IXQH9-nnTWZFgBF0V3MH-A,Braised Dried Tofu W. Ham,14.99
IXQH9-nnTWZFgBF0V3MH-A,Eel Nigiri/Sashimi,4
r8RK0lIlCPTc0TaL1syzlg,Don Katsu,15
r8RK0lIlCPTc0TaL1syzlg,Eel Nigiri/Sashimi,4
AwFNJiODZXm8AVKy0i76Pg,8os Rib eye,25.99
AwFNJiODZXm8AVKy0i76Pg,Regular Fries,6.99
T0eSMHaEvv1glOAxdYdKsg,beef fire rice,9.99
T0eSMHaEvv1glOAxdYdKsg,half baby rib,21.99
Hz0p2RasO5tjll-AdjpJqw,Eel Nigiri/Sashimi,4
Hz0p2RasO5tjll-AdjpJqw,Sake Don,20
cZ_6nkCedEr7IfnxK0ncqQ,Fatty Salmon Nigiri/Sashimi,3
cZ_6nkCedEr7IfnxK0ncqQ,8os Rib eye,25.99
0p7kYtoqwJScvJjMjXYr7w,8os Rib eye,25.99
0p7kYtoqwJScvJjMjXYr7w,roast duck,21.99
b2mNFywVb_MaQ6f4wyzrkQ,8os Rib eye,25.99
b2mNFywVb_MaQ6f4wyzrkQ,classic chicken sandwich,9.99
C2hsifEm52YbL-8NQ_8qKA,8os Rib eye,25.99
C2hsifEm52YbL-8NQ_8qKA,Braised Dried Tofu W. Ham,14.99
yT4l7HVC-8tepyFv27qD6w,8os Rib eye,25.99
yT4l7HVC-8tepyFv27qD6w,miso soup ramen,9.99
U0bRYyQaIP2bzmOZf2N89g,Don Katsu,15
U0bRYyQaIP2bzmOZf2N89g,Fatty Salmon Nigiri/Sashimi,3
uYwUHLXzZTjl2y8pFxABtw,Regular Fries,6.99
uYwUHLXzZTjl2y8pFxABtw,miso soup ramen,9.99
5XJsZt4HFjSbAdc4dkWVKQ,Don Katsu,15
5XJsZt4HFjSbAdc4dkWVKQ,pho beef noodle,9.99
S-uXuwLZjgWIv4M8tGtpIw,10 traditional wings,12.99
S-uXuwLZjgWIv4M8tGtpIw,Boiled Corydoras In Spicy Szechuan Sauce,22.99
9M3LdNG_QKTNOcqcUA5C3Q,Braised Dried Tofu W. Ham,14.99
9M3LdNG_QKTNOcqcUA5C3Q,10 traditional wings,12.99
HDGTOksawKXEPeoCUrH96g,Boiled Corydoras In Spicy Szechuan Sauce,22.99
HDGTOksawKXEPeoCUrH96g,Regular Fries,6.99
jp8K7RPJc3IwwkDYgfAZ5Q,Don Katsu,15
jp8K7RPJc3IwwkDYgfAZ5Q,Eel Nigiri/Sashimi,4
UfgdnrP-NQ0_aq7G7mXFWQ,Octopus Nigiri/Sashimi,3.5
UfgdnrP-NQ0_aq7G7mXFWQ,Chicken W. Fish Belly Hot Pot,99.99
mmYktTUV_ujnw2kOdBGZZg,10 traditional wings,12.99
mmYktTUV_ujnw2kOdBGZZg,8os Rib eye,25.99
RahBImwHR7rBzDCQKPQX_Q,Regular Fries,6.99
RahBImwHR7rBzDCQKPQX_Q,Boiled Corydoras In Spicy Szechuan Sauce,22.99
8ObCdQQ3mHwDsSsk75Z2lA,Chicken W. Fish Belly Hot Pot,99.99
8ObCdQQ3mHwDsSsk75Z2lA,Octopus Nigiri/Sashimi,3.5
AamMg2-HRXsjYZGDgCl7vw,roast duck,21.99
AamMg2-HRXsjYZGDgCl7vw,10 traditional wings,12.99
qVbuEBqncZqBVlzGbTMDKw,Braised Dried Tofu W. Ham,14.99
qVbuEBqncZqBVlzGbTMDKw,Eel Nigiri/Sashimi,4
Aa4b2OIBdYFmCF4SYvWqGQ,Fatty Salmon Nigiri/Sashimi,3
Aa4b2OIBdYFmCF4SYvWqGQ,roast duck,21.99
yZkxrcoh0vE4-HCeRG47Zw,classic chicken sandwich,9.99
yZkxrcoh0vE4-HCeRG47Zw,pho beef noodle,9.99
TUpEcktoaIHfegZywmDbuw,Octopus Nigiri/Sashimi,3.5
TUpEcktoaIHfegZywmDbuw,Chicken W. Fish Belly Hot Pot,99.99
uBDyz_ovcHRboI7PgVgXbA,Boiled Corydoras In Spicy Szechuan Sauce,22.99
uBDyz_ovcHRboI7PgVgXbA,Fatty Salmon Nigiri/Sashimi,3
EKK2t4zhHZLeiBrgMv3Yyw,beef fire rice,9.99
EKK2t4zhHZLeiBrgMv3Yyw,pho beef noodle,9.99
6bfas5osLwyvyWcwwDg6XA,beef fire rice,9.99
6bfas5osLwyvyWcwwDg6XA,Chicken W. Fish Belly Hot Pot,99.99
Esf3-D_44pArPd9GqysoCg,Braised Dried Tofu W. Ham,14.99
Esf3-D_44pArPd9GqysoCg,Chicken W. Fish Belly Hot Pot,99.99
jrNAkn21Tjq3n9v2n3m46g,classic chicken sandwich,9.99
jrNAkn21Tjq3n9v2n3m46g,Chicken W. Fish Belly Hot Pot,99.99
yaqoUczq_zbjXX7RCZF6Zg,Braised Dried Tofu W. Ham,14.99
yaqoUczq_zbjXX7RCZF6Zg,Octopus Nigiri/Sashimi,3.5
ZdkonZFKPrGVeu-ZLQfE6A,Boiled Corydoras In Spicy Szechuan Sauce,22.99
ZdkonZFKPrGVeu-ZLQfE6A,Octopus Nigiri/Sashimi,3.5
asjasqZ8K3B6XNyb5p-t1A,Boiled Corydoras In Spicy Szechuan Sauce,22.99
asjasqZ8K3B6XNyb5p-t1A,Eel Nigiri/Sashimi,4
b3H2Az-n0jP1wixh5Sde4g,roast duck,21.99
b3H2Az-n0jP1wixh5Sde4g,classic chicken sandwich,9.99
6fZWaWkvqrZNCxl_7PMDBg,beef fire rice,9.99
6fZWaWkvqrZNCxl_7PMDBg,Boiled Corydoras In Spicy Szechuan Sauce,22.99
34Eqv8jXgxg_EEwcsNgeeg,Regular Fries,6.99
34Eqv8jXgxg_EEwcsNgeeg,Braised Dried Tofu W. Ham,14.99
zmpRwOqxaajeh2YvAKxLaQ,Don Katsu,15
zmpRwOqxaajeh2YvAKxLaQ,10 traditional wings,12.99
xBPg6gzunjpEUT6FiRrpog,8os Rib eye,25.99
xBPg6gzunjpEUT6FiRrpog,Sake Don,20
at-NaeVYJ5VDG9pC4PXbSA,Regular Fries,6.99
at-NaeVYJ5VDG9pC4PXbSA,8os Rib eye,25.99
dcI3vn6JqD9tXV7us1O_tQ,Octopus Nigiri/Sashimi,3.5
dcI3vn6JqD9tXV7us1O_tQ,Sake Don,20
kRsN974NddNRTa9j3jXGCQ,Octopus Nigiri/Sashimi,3.5
kRsN974NddNRTa9j3jXGCQ,Eel Nigiri/Sashimi,4
MDMSLmczSxB2fjT_ybMpGw,Sake Don,20
MDMSLmczSxB2fjT_ybMpGw,miso soup ramen,9.99
3m72qrDirMZDOhaG3FR6HQ,pho beef noodle,9.99
3m72qrDirMZDOhaG3FR6HQ,beef fire rice,9.99
MSDhqxtCTHCsNnjaZKo8Dw,Fatty Salmon Nigiri/Sashimi,3
MSDhqxtCTHCsNnjaZKo8Dw,Boiled Corydoras In Spicy Szechuan Sauce,22.99
AasKQGcM5ufqpGAsJQT5kg,pho beef noodle,9.99
AasKQGcM5ufqpGAsJQT5kg,Don Katsu,15
ZRcidYvmrdgE-Mc9Svfppw,roast duck,21.99
ZRcidYvmrdgE-Mc9Svfppw,classic chicken sandwich,9.99
QoRfs23NhfTwfMk5e5xDXg,Regular Fries,6.99
QoRfs23NhfTwfMk5e5xDXg,half baby rib,21.99
I0ueofqd_oBxaHWKSjCpMQ,classic chicken sandwich,9.99
I0ueofqd_oBxaHWKSjCpMQ,Sake Don,20
gN12xHVkM1TQTjF7EuJFEw,Fatty Salmon Nigiri/Sashimi,3
gN12xHVkM1TQTjF7EuJFEw,Regular Fries,6.99
5A_6g0Cm8wlWNqaUW2Vsnw,Chicken W. Fish Belly Hot Pot,99.99
5A_6g0Cm8wlWNqaUW2Vsnw,Fatty Salmon Nigiri/Sashimi,3
MRjRx59D164MYP5fUEy9yw,pho beef noodle,9.99
MRjRx59D164MYP5fUEy9yw,Boiled Corydoras In Spicy Szechuan Sauce,22.99
BVndHaLihEYbr76Z0CMEGw,Braised Dried Tofu W. Ham,14.99
BVndHaLihEYbr76Z0CMEGw,classic chicken sandwich,9.99
YAUUdbESr8BYQ_TFgDjT5Q,Octopus Nigiri/Sashimi,3.5
YAUUdbESr8BYQ_TFgDjT5Q,half baby rib,21.99
E7irVK3DoLDXXeFSLa4fbQ,Braised Dried Tofu W. Ham,14.99
E7irVK3DoLDXXeFSLa4fbQ,Fatty Salmon Nigiri/Sashimi,3
YHvJyyklyzsQhCnbJu7pFA,Eel Nigiri/Sashimi,4
YHvJyyklyzsQhCnbJu7pFA,Octopus Nigiri/Sashimi,3.5
l_NqE_IHW79Ka-yd6FkQaQ,Sake Don,20
l_NqE_IHW79Ka-yd6FkQaQ,pho beef noodle,9.99
NsGDYMsoRFPoBweOW0t5KQ,half baby rib,21.99
NsGDYMsoRFPoBweOW0t5KQ,roast duck,21.99
wY1kNLhJmt8bXPca-gNjIg,Sake Don,20
wY1kNLhJmt8bXPca-gNjIg,Chicken W. Fish Belly Hot Pot,99.99
CybXMwlaK0mrjpg7D0mdJA,pho beef noodle,9.99
CybXMwlaK0mrjpg7D0mdJA,Sake Don,20
fm0eu225Xjf2M0n-N5Qbig,roast duck,21.99
fm0eu225Xjf2M0n-N5Qbig,Regular Fries,6.99
0zH0l4Jbf-oove3cLvrFOg,Don Katsu,15
0zH0l4Jbf-oove3cLvrFOg,Braised Dried Tofu W. Ham,14.99
ihL_QVjG98BdPtD6_bVuuQ,Octopus Nigiri/Sashimi,3.5
ihL_QVjG98BdPtD6_bVuuQ,Boiled Corydoras In Spicy Szechuan Sauce,22.99
NrsJ_WgLXwPVcOv38N2zQw,Eel Nigiri/Sashimi,4
NrsJ_WgLXwPVcOv38N2zQw,roast duck,21.99
kdG6HXfXPk6YKZ6lkURaEg,miso soup ramen,9.99
kdG6HXfXPk6YKZ6lkURaEg,Boiled Corydoras In Spicy Szechuan Sauce,22.99
GfJmQCelwucGA2CQU_yE9Q,Braised Dried Tofu W. Ham,14.99
GfJmQCelwucGA2CQU_yE9Q,Chicken W. Fish Belly Hot Pot,99.99
co8fVmBON-QsZtEyIiyJtA,Eel Nigiri/Sashimi,4
co8fVmBON-QsZtEyIiyJtA,8os Rib eye,25.99
FIDLmYEuCtSj_rc8lqaKFw,Don Katsu,15
FIDLmYEuCtSj_rc8lqaKFw,Boiled Corydoras In Spicy Szechuan Sauce,22.99
30oZoOjJN7Q_MqZswPrGOQ,Regular Fries,6.99
30oZoOjJN7Q_MqZswPrGOQ,roast duck,21.99
Wh35Mk7kp6gnF-d_Nl8ZDA,half baby rib,21.99
Wh35Mk7kp6gnF-d_Nl8ZDA,Regular Fries,6.99
bNBPw-sDOHeqJ1vOstIctQ,miso soup ramen,9.99
bNBPw-sDOHeqJ1vOstIctQ,Eel Nigiri/Sashimi,4
8YfBmZGwIzt_YsNEjVrMVw,Fatty Salmon Nigiri/Sashimi,3
8YfBmZGwIzt_YsNEjVrMVw,Boiled Corydoras In Spicy Szechuan Sauce,22.99
5rt5_TDCwO_JZU5gapGvuw,10 traditional wings,12.99
5rt5_TDCwO_JZU5gapGvuw,Regular Fries,6.99
03dIEDBsDERr6Osmey-udQ,miso soup ramen,9.99
03dIEDBsDERr6Osmey-udQ,Chicken W. Fish Belly Hot Pot,99.99
CA5BOxKRDPGJgdUQ8OUOpw,Boiled Corydoras In Spicy Szechuan Sauce,22.99
CA5BOxKRDPGJgdUQ8OUOpw,10 traditional wings,12.99
yzsnQxRDkbUD4AX7RosOhw,10 traditional wings,12.99
yzsnQxRDkbUD4AX7RosOhw,Boiled Corydoras In Spicy Szechuan Sauce,22.99
juWaIwWHsdtM4rFPmolRVQ,beef fire rice,9.99
juWaIwWHsdtM4rFPmolRVQ,Regular Fries,6.99
BXVCrKiaLq4216LRta03uQ,Octopus Nigiri/Sashimi,3.5
BXVCrKiaLq4216LRta03uQ,pho beef noodle,9.99
xhEbn3BVfOyHrckP5BmyFQ,Eel Nigiri/Sashimi,4
xhEbn3BVfOyHrckP5BmyFQ,miso soup ramen,9.99
BLSvUe3CjhHi9CMm2px3Gg,half baby rib,21.99
BLSvUe3CjhHi9CMm2px3Gg,pho beef noodle,9.99
RqgS_YDueb2KgBpaNgGOZQ,Boiled Corydoras In Spicy Szechuan Sauce,22.99
RqgS_YDueb2KgBpaNgGOZQ,Fatty Salmon Nigiri/Sashimi,3
GgeG_zmrC9CTx_xg2FnRpw,8os Rib eye,25.99
GgeG_zmrC9CTx_xg2FnRpw,half baby rib,21.99
U5Xuk0e2GZ4TSV_km6__ig,Sake Don,20
U5Xuk0e2GZ4TSV_km6__ig,roast duck,21.99
DLotTM0D0amdRFKrj-mR-A,Octopus Nigiri/Sashimi,3.5
DLotTM0D0amdRFKrj-mR-A,Fatty Salmon Nigiri/Sashimi,3
t1gF_3qcEKkWLVm62JWvvQ,Braised Dried Tofu W. Ham,14.99
t1gF_3qcEKkWLVm62JWvvQ,Regular Fries,6.99
_ZG6xLrZ7VIfcQS_tl0Mpg,Boiled Corydoras In Spicy Szechuan Sauce,22.99
_ZG6xLrZ7VIfcQS_tl0Mpg,10 traditional wings,12.99
Av_XS0ESX4Jpwvg6D2CfVQ,roast duck,21.99
Av_XS0ESX4Jpwvg6D2CfVQ,Octopus Nigiri/Sashimi,3.5
odLn6EJ6zceAy7ESGSNVWQ,roast duck,21.99
odLn6EJ6zceAy7ESGSNVWQ,Braised Dried Tofu W. Ham,14.99
gWV1k7XO9DSAodAlanESFA,Sake Don,20
gWV1k7XO9DSAodAlanESFA,Boiled Corydoras In Spicy Szechuan Sauce,22.99
v8mZvt446HYQDGMCckBubQ,Don Katsu,15
v8mZvt446HYQDGMCckBubQ,Boiled Corydoras In Spicy Szechuan Sauce,22.99
u797HWKz6_KXcJD0rcehBg,Eel Nigiri/Sashimi,4
u797HWKz6_KXcJD0rcehBg,Sake Don,20
1VtEKyTjUOoLzVOHK6nKDg,roast duck,21.99
1VtEKyTjUOoLzVOHK6nKDg,pho beef noodle,9.99
YV83252nBml7BmQLdAniYg,Octopus Nigiri/Sashimi,3.5
YV83252nBml7BmQLdAniYg,Sake Don,20
0jQPPEppYjGQ2higy6JvCg,half baby rib,21.99
0jQPPEppYjGQ2higy6JvCg,Octopus Nigiri/Sashimi,3.5
kBqyg_L_Xn9jQTCHYODbRg,beef fire rice,9.99
kBqyg_L_Xn9jQTCHYODbRg,Fatty Salmon Nigiri/Sashimi,3
Zofb78HMkCfyQ8S1jCmT9A,Boiled Corydoras In Spicy Szechuan Sauce,22.99
Zofb78HMkCfyQ8S1jCmT9A,roast duck,21.99
sFKdOewHAcVJwt8hhF_reA,Eel Nigiri/Sashimi,4
sFKdOewHAcVJwt8hhF_reA,miso soup ramen,9.99
cq9-og8H25nyZlBNhXJgRA,miso soup ramen,9.99
cq9-og8H25nyZlBNhXJgRA,10 traditional wings,12.99
nWyACfz6EBYKRu_MwOdEyA,pho beef noodle,9.99
nWyACfz6EBYKRu_MwOdEyA,Fatty Salmon Nigiri/Sashimi,3
rrlFichTnAsfJJhgop3nPQ,beef fire rice,9.99
rrlFichTnAsfJJhgop3nPQ,Sake Don,20
RA4MK-QyDxezQzYgliHHCg,Braised Dried Tofu W. Ham,14.99
RA4MK-QyDxezQzYgliHHCg,8os Rib eye,25.99
dccdmctuc1TZn5q6IA5J6A,Octopus Nigiri/Sashimi,3.5
dccdmctuc1TZn5q6IA5J6A,pho beef noodle,9.99
rm65XzQTPVyqgUjG42cLcg,8os Rib eye,25.99
rm65XzQTPVyqgUjG42cLcg,Braised Dried Tofu W. Ham,14.99
G6BKeEPl8Pvoy1ra288gHw,roast duck,21.99
G6BKeEPl8Pvoy1ra288gHw,Sake Don,20
6OqY-P_1xV-qS2EgSOL-rw,Octopus Nigiri/Sashimi,3.5
6OqY-P_1xV-qS2EgSOL-rw,classic chicken sandwich,9.99
hVS67L6bYtNZyuvqDX2O6w,Braised Dried Tofu W. Ham,14.99
hVS67L6bYtNZyuvqDX2O6w,Chicken W. Fish Belly Hot Pot,99.99
rKpKG6YktC-7jdNOxiJ2tQ,classic chicken sandwich,9.99
rKpKG6YktC-7jdNOxiJ2tQ,Don Katsu,15
V91WJMgeM4IdJERaNGFPUQ,Boiled Corydoras In Spicy Szechuan Sauce,22.99
V91WJMgeM4IdJERaNGFPUQ,beef fire rice,9.99
tXZXimXWvx-jF6UVgjE3Og,pho beef noodle,9.99
tXZXimXWvx-jF6UVgjE3Og,Braised Dried Tofu W. Ham,14.99
3ZBrBXbKQlcCY0USaSX32g,Braised Dried Tofu W. Ham,14.99
3ZBrBXbKQlcCY0USaSX32g,Don Katsu,15
n2lb5J-gMv9tdPl6g-e3gg,roast duck,21.99
n2lb5J-gMv9tdPl6g-e3gg,classic chicken sandwich,9.99
YvaeYCBYVTJ1wmFP2VioyQ,10 traditional wings,12.99
YvaeYCBYVTJ1wmFP2VioyQ,miso soup ramen,9.99
vKZhZqCa6bcdFieu0NYh0A,Don Katsu,15
vKZhZqCa6bcdFieu0NYh0A,pho beef noodle,9.99
KbhKbjG7fVM2vTtO3qbe0w,Sake Don,20
KbhKbjG7fVM2vTtO3qbe0w,8os Rib eye,25.99
IS0B5nLJPluVT8NwGgospA,Sake Don,20
IS0B5nLJPluVT8NwGgospA,miso soup ramen,9.99
8ywbOBjzW0GgXlD0tUxCVQ,Regular Fries,6.99
8ywbOBjzW0GgXlD0tUxCVQ,Boiled Corydoras In Spicy Szechuan Sauce,22.99
sSeXx0d2rrgRgof__Ir0aA,Sake Don,20
sSeXx0d2rrgRgof__Ir0aA,8os Rib eye,25.99
QPkILVkoZ-UnJE5zn_gzLA,Don Katsu,15
QPkILVkoZ-UnJE5zn_gzLA,half baby rib,21.99
XEDHOTTKGWsaMnC91Yw5Xw,8os Rib eye,25.99
XEDHOTTKGWsaMnC91Yw5Xw,Sake Don,20
F5g0nskSr_xd0XxXTsKoPQ,miso soup ramen,9.99
F5g0nskSr_xd0XxXTsKoPQ,Octopus Nigiri/Sashimi,3.5
iXXB0BXIks2cCJjbpuZx4A,Eel Nigiri/Sashimi,4
iXXB0BXIks2cCJjbpuZx4A,Boiled Corydoras In Spicy Szechuan Sauce,22.99
CLw-I3X3X8l1V80jxPv3AA,Braised Dried Tofu W. Ham,14.99
CLw-I3X3X8l1V80jxPv3AA,roast duck,21.99
VdK1mF_6QRLMzeQWHiAPTA,Octopus Nigiri/Sashimi,3.5
VdK1mF_6QRLMzeQWHiAPTA,Boiled Corydoras In Spicy Szechuan Sauce,22.99
aRWVI7YfiFSdZLzyNgehag,roast duck,21.99
aRWVI7YfiFSdZLzyNgehag,Chicken W. Fish Belly Hot Pot,99.99
-6JdVK-DHB4_43PEksbg1A,Regular Fries,6.99
-6JdVK-DHB4_43PEksbg1A,half baby rib,21.99
WYYBHpqHf-XIz1fX5_CEqA,Braised Dried Tofu W. Ham,14.99
WYYBHpqHf-XIz1fX5_CEqA,Regular Fries,6.99
k5FAHemD_mUy4YK4NCsJgA,Don Katsu,15
k5FAHemD_mUy4YK4NCsJgA,Chicken W. Fish Belly Hot Pot,99.99
yt9m3VmJC7MYCFfXPVqsXw,Braised Dried Tofu W. Ham,14.99
yt9m3VmJC7MYCFfXPVqsXw,Octopus Nigiri/Sashimi,3.5
fJb98kTGBuTzxP8x9p6VhQ,pho beef noodle,9.99
fJb98kTGBuTzxP8x9p6VhQ,classic chicken sandwich,9.99
VHUNHJtGiPmLffwXO9tnPw,miso soup ramen,9.99
VHUNHJtGiPmLffwXO9tnPw,Boiled Corydoras In Spicy Szechuan Sauce,22.99
R17gwW6zn9ilslbdvKdgsg,Sake Don,20
R17gwW6zn9ilslbdvKdgsg,Don Katsu,15
Dbgv4FjJ89mkhRz9fefBpw,Don Katsu,15
Dbgv4FjJ89mkhRz9fefBpw,Sake Don,20
dOQG0KWwxfgjPsAzoM0KSw,Sake Don,20
dOQG0KWwxfgjPsAzoM0KSw,8os Rib eye,25.99
_1tAjnIYulKpxgPWoCL3OQ,Octopus Nigiri/Sashimi,3.5
_1tAjnIYulKpxgPWoCL3OQ,miso soup ramen,9.99
1rkzkJq7oWA-agY6J2DR3A,classic chicken sandwich,9.99
1rkzkJq7oWA-agY6J2DR3A,pho beef noodle,9.99
nR5YybQrv7P62jd_oP5p7g,half baby rib,21.99
nR5YybQrv7P62jd_oP5p7g,Regular Fries,6.99
wSacmuwjiNWEgyfqtIroHg,pho beef noodle,9.99
wSacmuwjiNWEgyfqtIroHg,8os Rib eye,25.99
IBmgWfsTokX3kwpFmaKB6Q,Boiled Corydoras In Spicy Szechuan Sauce,22.99
IBmgWfsTokX3kwpFmaKB6Q,Chicken W. Fish Belly Hot Pot,99.99
y2trhz7QALBOLnU_4EwjVg,Fatty Salmon Nigiri/Sashimi,3
y2trhz7QALBOLnU_4EwjVg,Eel Nigiri/Sashimi,4
aCjTyN2RLAao0jsYZkZfbA,pho beef noodle,9.99
aCjTyN2RLAao0jsYZkZfbA,half baby rib,21.99
zhFKtchGIpRTfOZSpm4Zvg,Don Katsu,15
zhFKtchGIpRTfOZSpm4Zvg,Fatty Salmon Nigiri/Sashimi,3
Pw77mNz6cso9quMp2NwaiA,classic chicken sandwich,9.99
Pw77mNz6cso9quMp2NwaiA,roast duck,21.99
PJ_n5QkoQUX8bhOgonGW2Q,Eel Nigiri/Sashimi,4
PJ_n5QkoQUX8bhOgonGW2Q,Braised Dried Tofu W. Ham,14.99
JKR09pJneafnwpUg0FNEzw,Don Katsu,15
JKR09pJneafnwpUg0FNEzw,miso soup ramen,9.99
tFpstYqxugKHzeyNUsuD_A,8os Rib eye,25.99
tFpstYqxugKHzeyNUsuD_A,Octopus Nigiri/Sashimi,3.5
3boF6qb2kpjr7p5hZuPbUQ,10 traditional wings,12.99
3boF6qb2kpjr7p5hZuPbUQ,roast duck,21.99
FreQwe5GxnFKT7dJk8IKFQ,Sake Don,20
FreQwe5GxnFKT7dJk8IKFQ,classic chicken sandwich,9.99
uYZPcVLuCrnTZYmmTZMzjQ,miso soup ramen,9.99
uYZPcVLuCrnTZYmmTZMzjQ,half baby rib,21.99
lbTRwl7ZwrgQ7PQtR6hV3g,Eel Nigiri/Sashimi,4
lbTRwl7ZwrgQ7PQtR6hV3g,Sake Don,20
Z-BDbsASb0o5Tfgq6Zwe0w,Eel Nigiri/Sashimi,4
Z-BDbsASb0o5Tfgq6Zwe0w,roast duck,21.99
pKqRzi4tW2amEgE5jQOj5w,half baby rib,21.99
pKqRzi4tW2amEgE5jQOj5w,10 traditional wings,12.99
TzrH228OLWU3OrP7MQosOA,10 traditional wings,12.99
TzrH228OLWU3OrP7MQosOA,miso soup ramen,9.99
YTpfqZ2P4MRg19J7iVxarQ,Braised Dried Tofu W. Ham,14.99
YTpfqZ2P4MRg19J7iVxarQ,half baby rib,21.99
uu8RzZnEMAzwoZU4eYxLWg,beef fire rice,9.99
uu8RzZnEMAzwoZU4eYxLWg,Sake Don,20
W7dTGLqvARlrQ-MHdoO3gA,Chicken W. Fish Belly Hot Pot,99.99
W7dTGLqvARlrQ-MHdoO3gA,Braised Dried Tofu W. Ham,14.99
Udkoo_WdRpHtVAWbALCvjw,Octopus Nigiri/Sashimi,3.5
Udkoo_WdRpHtVAWbALCvjw,Boiled Corydoras In Spicy Szechuan Sauce,22.99
u3R83TV-8t4061JTwbZBng,Octopus Nigiri/Sashimi,3.5
u3R83TV-8t4061JTwbZBng,Don Katsu,15
9OKFCYRXxImraSiRiZlDYg,Fatty Salmon Nigiri/Sashimi,3
9OKFCYRXxImraSiRiZlDYg,Octopus Nigiri/Sashimi,3.5
heYh7-A_agC6BvgAQtFYHA,classic chicken sandwich,9.99
heYh7-A_agC6BvgAQtFYHA,Fatty Salmon Nigiri/Sashimi,3
yswMnHbSPhZoTdGO8a9ckQ,8os Rib eye,25.99
yswMnHbSPhZoTdGO8a9ckQ,10 traditional wings,12.99
bROJqwiTOnfaKi6GwExsTw,beef fire rice,9.99
bROJqwiTOnfaKi6GwExsTw,8os Rib eye,25.99
bic8O3P5BuiytH4EaEd0kg,Sake Don,20
bic8O3P5BuiytH4EaEd0kg,beef fire rice,9.99
dRaNZxDVOBKBg3-Iv3eoAg,Octopus Nigiri/Sashimi,3.5
dRaNZxDVOBKBg3-Iv3eoAg,10 traditional wings,12.99
MRxl4aWMOOIAbVg_89uJ_A,Regular Fries,6.99
MRxl4aWMOOIAbVg_89uJ_A,pho beef noodle,9.99
p5hXt91Hdpau-dZlvfTJag,classic chicken sandwich,9.99
p5hXt91Hdpau-dZlvfTJag,Sake Don,20
-gmJHy4qI2BNXgotpI5ahQ,Sake Don,20
-gmJHy4qI2BNXgotpI5ahQ,half baby rib,21.99
wGPFrEM29qcgwSZVRP4XqQ,pho beef noodle,9.99
wGPFrEM29qcgwSZVRP4XqQ,Octopus Nigiri/Sashimi,3.5
-zsvmEbkd-K9K2DAAKqiEQ,beef fire rice,9.99
-zsvmEbkd-K9K2DAAKqiEQ,10 traditional wings,12.99
3_hoUO4wa-4mRUhMxDrXhw,Braised Dried Tofu W. Ham,14.99
3_hoUO4wa-4mRUhMxDrXhw,Sake Don,20
lUftjPrSYDd5KrGVV0HrFw,pho beef noodle,9.99
lUftjPrSYDd5KrGVV0HrFw,10 traditional wings,12.99
5qWdftveruKnOJ9FKXcGcA,8os Rib eye,25.99
5qWdftveruKnOJ9FKXcGcA,Braised Dried Tofu W. Ham,14.99
MKAPSsMrulKrjefB2Jv19Q,pho beef noodle,9.99
MKAPSsMrulKrjefB2Jv19Q,miso soup ramen,9.99
1_p9mAtXQ_EzNSXzlY-h3Q,Chicken W. Fish Belly Hot Pot,99.99
1_p9mAtXQ_EzNSXzlY-h3Q,Fatty Salmon Nigiri/Sashimi,3
iqoXFLZNjCvNCSbdkR2eOg,miso soup ramen,9.99
iqoXFLZNjCvNCSbdkR2eOg,8os Rib eye,25.99
0K-z6hRV2RhvEC3z9GFG7A,Sake Don,20
0K-z6hRV2RhvEC3z9GFG7A,Fatty Salmon Nigiri/Sashimi,3
sk0IM8koYo1o9-k_rpkmxQ,roast duck,21.99
sk0IM8koYo1o9-k_rpkmxQ,Don Katsu,15
zupI44qitH6T8Bo9OjA6Yw,10 traditional wings,12.99
zupI44qitH6T8Bo9OjA6Yw,8os Rib eye,25.99
fFUZOVeiA0a6O8aHcGS2sQ,Sake Don,20
fFUZOVeiA0a6O8aHcGS2sQ,classic chicken sandwich,9.99
zNi8ceY3sLBXZoTUstjrvg,10 traditional wings,12.99
zNi8ceY3sLBXZoTUstjrvg,Sake Don,20
buYRcfHO-lU2LGlJ7zZUOg,Braised Dried Tofu W. Ham,14.99
buYRcfHO-lU2LGlJ7zZUOg,Fatty Salmon Nigiri/Sashimi,3
tC2Qs-AIx3wX1SdrhDWtMw,8os Rib eye,25.99
tC2Qs-AIx3wX1SdrhDWtMw,Braised Dried Tofu W. Ham,14.99
kZVkrF0Cy-xwfpO94g-ylw,10 traditional wings,12.99
kZVkrF0Cy-xwfpO94g-ylw,beef fire rice,9.99
KRhzXkF-kcNRzW-Dv83jlg,Fatty Salmon Nigiri/Sashimi,3
KRhzXkF-kcNRzW-Dv83jlg,Chicken W. Fish Belly Hot Pot,99.99
xW0SIKSv4igdkz78KYLIZg,10 traditional wings,12.99
xW0SIKSv4igdkz78KYLIZg,roast duck,21.99
AxcyIxsjJbRNG2RFTguavw,beef fire rice,9.99
AxcyIxsjJbRNG2RFTguavw,roast duck,21.99
XQ_wVhRayMJGQT9J_WANkw,Braised Dried Tofu W. Ham,14.99
XQ_wVhRayMJGQT9J_WANkw,beef fire rice,9.99
rojvqz-6M54WqeUeBCSREw,Don Katsu,15
rojvqz-6M54WqeUeBCSREw,classic chicken sandwich,9.99
JJNCJWaH2KV44r9aeEBlqA,Fatty Salmon Nigiri/Sashimi,3
JJNCJWaH2KV44r9aeEBlqA,10 traditional wings,12.99
8Mzu_wczdzv9dU_Gr6OR8A,roast duck,21.99
8Mzu_wczdzv9dU_Gr6OR8A,Don Katsu,15
68CrobDtaDP-_-aeowSG6A,miso soup ramen,9.99
68CrobDtaDP-_-aeowSG6A,Fatty Salmon Nigiri/Sashimi,3
0Xm1wedwnMJ1iKXz8vUDSw,Fatty Salmon Nigiri/Sashimi,3
0Xm1wedwnMJ1iKXz8vUDSw,beef fire rice,9.99
JDZ-yr0SpjMoawlDeke59g,Braised Dried Tofu W. Ham,14.99
JDZ-yr0SpjMoawlDeke59g,pho beef noodle,9.99
AlHrYVvcx-RcIbUz5aEiLQ,8os Rib eye,25.99
AlHrYVvcx-RcIbUz5aEiLQ,roast duck,21.99
_zMywXbTgbV7ml6xycl8sQ,Fatty Salmon Nigiri/Sashimi,3
_zMywXbTgbV7ml6xycl8sQ,Chicken W. Fish Belly Hot Pot,99.99
oSnOGiL8JJ89tvCd7eL24w,miso soup ramen,9.99
oSnOGiL8JJ89tvCd7eL24w,Octopus Nigiri/Sashimi,3.5
BZewiqgakTEbKnjcYgkPWw,roast duck,21.99
BZewiqgakTEbKnjcYgkPWw,beef fire rice,9.99
P-6fBDO8vuWByaBMdeIumA,beef fire rice,9.99
P-6fBDO8vuWByaBMdeIumA,Sake Don,20
enbvLQudJLAakSFIX2w79A,pho beef noodle,9.99
enbvLQudJLAakSFIX2w79A,roast duck,21.99
dUctvEfHQccW_uxtRup2QQ,miso soup ramen,9.99
dUctvEfHQccW_uxtRup2QQ,Don Katsu,15
G5OTRl31cJtu0tI4pf7t4w,Octopus Nigiri/Sashimi,3.5
G5OTRl31cJtu0tI4pf7t4w,Braised Dried Tofu W. Ham,14.99
PfojVWHAQMEK_ICza0W7eg,Eel Nigiri/Sashimi,4
PfojVWHAQMEK_ICza0W7eg,10 traditional wings,12.99
sGbjViru0iJfxH5cBpMeHQ,Eel Nigiri/Sashimi,4
sGbjViru0iJfxH5cBpMeHQ,Braised Dried Tofu W. Ham,14.99
mEMcdzVzuSX34TXRKG83iA,half baby rib,21.99
mEMcdzVzuSX34TXRKG83iA,Braised Dried Tofu W. Ham,14.99
gKRay6giNIWH2-u-7svQwg,classic chicken sandwich,9.99
gKRay6giNIWH2-u-7svQwg,Don Katsu,15
cn3GfkDkzhwWBKDNgsiQLA,Boiled Corydoras In Spicy Szechuan Sauce,22.99
cn3GfkDkzhwWBKDNgsiQLA,miso soup ramen,9.99
UhIdCsdiWS4K0EkbvVdlAw,Chicken W. Fish Belly Hot Pot,99.99
UhIdCsdiWS4K0EkbvVdlAw,beef fire rice,9.99
uXm5Kp9tvPl8PGxg-C2ANA,pho beef noodle,9.99
uXm5Kp9tvPl8PGxg-C2ANA,roast duck,21.99
Tx1M1NCUYE2Ma2fgKexBKQ,pho beef noodle,9.99
Tx1M1NCUYE2Ma2fgKexBKQ,10 traditional wings,12.99
PmWjC2tCN0uhUYzUnKyPqw,classic chicken sandwich,9.99
PmWjC2tCN0uhUYzUnKyPqw,roast duck,21.99
rSe2uJ54OG3ytfTBIzW8Nw,pho beef noodle,9.99
rSe2uJ54OG3ytfTBIzW8Nw,miso soup ramen,9.99
4r4eZQBqks0Ky_OHK-LU7Q,Don Katsu,15
4r4eZQBqks0Ky_OHK-LU7Q,Regular Fries,6.99
0cg8BdPanf-DAA8AYuk6Zg,beef fire rice,9.99
0cg8BdPanf-DAA8AYuk6Zg,Sake Don,20
sXSUzImYOcRRI3xtG2M85g,pho beef noodle,9.99
sXSUzImYOcRRI3xtG2M85g,classic chicken sandwich,9.99
ElqMD2FIjpOeCqXrIyonoA,Fatty Salmon Nigiri/Sashimi,3
ElqMD2FIjpOeCqXrIyonoA,Braised Dried Tofu W. Ham,14.99
1M6nUmeiYpOhuqIzq1JzVQ,roast duck,21.99
1M6nUmeiYpOhuqIzq1JzVQ,Sake Don,20
D_lE51Tqc41pzcTedWTc5A,Eel Nigiri/Sashimi,4
D_lE51Tqc41pzcTedWTc5A,Boiled Corydoras In Spicy Szechuan Sauce,22.99
BAWF37UN61D7P3ITVuDRLA,Eel Nigiri/Sashimi,4
BAWF37UN61D7P3ITVuDRLA,Fatty Salmon Nigiri/Sashimi,3
3-JrimUGgzBVCR4bex_89g,pho beef noodle,9.99
3-JrimUGgzBVCR4bex_89g,Octopus Nigiri/Sashimi,3.5
_zzNQl6ImFw_B64cSdaoGA,Chicken W. Fish Belly Hot Pot,99.99
_zzNQl6ImFw_B64cSdaoGA,half baby rib,21.99
oVygpPlGIKyPltoOjusqtw,Eel Nigiri/Sashimi,4
oVygpPlGIKyPltoOjusqtw,Fatty Salmon Nigiri/Sashimi,3
j-qtdD55OLfSqfsWuQTDJg,Regular Fries,6.99
j-qtdD55OLfSqfsWuQTDJg,miso soup ramen,9.99
X_M31m2hTOXQgsP4-Inucg,pho beef noodle,9.99
X_M31m2hTOXQgsP4-Inucg,Sake Don,20
jRmAvtGQfJz9Ye-Jq5gbUw,Octopus Nigiri/Sashimi,3.5
jRmAvtGQfJz9Ye-Jq5gbUw,Fatty Salmon Nigiri/Sashimi,3
0sHYEHc14Il8RNaN2gwvIw,Braised Dried Tofu W. Ham,14.99
0sHYEHc14Il8RNaN2gwvIw,miso soup ramen,9.99
ERov0fZxnWhM-2GYFY2i9Q,miso soup ramen,9.99
ERov0fZxnWhM-2GYFY2i9Q,Don Katsu,15
vlOI4udD95JUGlmA7a6iqA,Braised Dried Tofu W. Ham,14.99
vlOI4udD95JUGlmA7a6iqA,classic chicken sandwich,9.99
tkY5BJVXxUmP4jsKavkf2g,Fatty Salmon Nigiri/Sashimi,3
tkY5BJVXxUmP4jsKavkf2g,Eel Nigiri/Sashimi,4
vqQQtSUxAnoD6q0KbkmNcA,miso soup ramen,9.99
vqQQtSUxAnoD6q0KbkmNcA,roast duck,21.99
wHpOgSutd4QmV_X7gXZ3dw,10 traditional wings,12.99
wHpOgSutd4QmV_X7gXZ3dw,roast duck,21.99
hJ15dD6MmaWq29xe5y0lMA,Eel Nigiri/Sashimi,4
hJ15dD6MmaWq29xe5y0lMA,10 traditional wings,12.99
Rb9QIj-NyRn_giOBN991YA,Eel Nigiri/Sashimi,4
Rb9QIj-NyRn_giOBN991YA,Braised Dried Tofu W. Ham,14.99
cAMQGuopIJ8AgyeXciFNcw,classic chicken sandwich,9.99
cAMQGuopIJ8AgyeXciFNcw,Boiled Corydoras In Spicy Szechuan Sauce,22.99
vmtqCFoBX9TzAoiLUEj5oA,Don Katsu,15
vmtqCFoBX9TzAoiLUEj5oA,pho beef noodle,9.99
8GxPIp7EKyt-Es_eeWTHSQ,Eel Nigiri/Sashimi,4
8GxPIp7EKyt-Es_eeWTHSQ,Braised Dried Tofu W. Ham,14.99
IsxFRZNNG8DnunxIOY41nA,Sake Don,20
IsxFRZNNG8DnunxIOY41nA,classic chicken sandwich,9.99
HDdfUbox_zCbiyoNMhSVzg,Chicken W. Fish Belly Hot Pot,99.99
HDdfUbox_zCbiyoNMhSVzg,Boiled Corydoras In Spicy Szechuan Sauce,22.99
42BmFLsm1YAommyVHYxV5Q,half baby rib,21.99
42BmFLsm1YAommyVHYxV5Q,Octopus Nigiri/Sashimi,3.5
ikKUG4v5VT1REnXRU-P6zA,Chicken W. Fish Belly Hot Pot,99.99
ikKUG4v5VT1REnXRU-P6zA,miso soup ramen,9.99
0sFTJd6vW5JL1DzrjapQ0w,Chicken W. Fish Belly Hot Pot,99.99
0sFTJd6vW5JL1DzrjapQ0w,Sake Don,20
